baseMean,log2FoldChange,lfcSE,stat,pvalue,padj,Kingdom,Phylum,Class,Order,Family,Genus,Treatment,OTU,day,tissue,level
7.130301195347284,0.38152762237358073,0.6663997412854589,6.1218427397287645,9.24992947206999e-10,9.99917375930766e-7,Bacteria,Firmicutes,Clostridia,Clostridiales,Lachnospiraceae,NA,"Enriched in ""Inject""",Otu03307,0,Feces,OTU
9.776460603008383,-4.981244311736109,0.680319215298454,-7.08733267816517,1.3672144897523554e-12,3.6778069774338363e-10,Bacteria,Firmicutes,Bacilli,Lactobacillales,Lactobacillaceae,Lactobacillus,"Depleted in ""Feed""",Otu00151,4,Feces,OTU
37.63081141496995,-4.331734556303074,0.6895060027717691,-5.961891813558681,2.493342141767771e-9,2.8837559807081726e-7,Bacteria,Fibrobacteres,Fibrobacteria,Fibrobacterales,Fibrobacteraceae,NA,"Depleted in ""Feed""",Otu00161,4,Feces,OTU
46.350572088750155,-3.9436670467329065,0.722941508337189,-5.377092147041902,7.569843664626058e-8,6.787626485948033e-6,Bacteria,Bacteroidetes,Bacteroidia,Bacteroidales,Prevotellaceae,NA,"Depleted in ""Feed""",Otu00154,4,Feces,OTU
75.44116640332354,-3.9033212729496296,0.6648288791215291,-9.160931235216298,5.1451374847634026e-20,2.7680839668027108e-17,Bacteria,Proteobacteria,Proteobacteria_unclassified,Proteobacteria_unclassified,Proteobacteria_unclassified,NA,"Depleted in ""Feed""",Otu00068,4,Feces,OTU
42.377072369568424,-3.7612088086142155,0.5730127563868941,-6.355875115491945,2.0724334969696053e-10,3.716564071232159e-8,Bacteria,Bacteria_unclassified,Bacteria_unclassified,Bacteria_unclassified,Bacteria_unclassified,NA,"Depleted in ""Feed""",Otu00108,4,Feces,OTU
27.219778745827607,-3.747228940697841,0.8354399335235484,-4.762207288084261,1.914868353837822e-6,1.2877489679559353e-4,Bacteria,Bacteroidetes,Bacteroidia,Bacteroidales,Bacteroidales_unclassified,NA,"Depleted in ""Feed""",Otu00218,4,Feces,OTU
3.359655410827326,-3.571599465831076,0.8618058499965451,-3.5181429158097988,4.345782490877031e-4,0.009741795750382679,Bacteria,Proteobacteria,Gammaproteobacteria,Gammaproteobacteria_unclassified,Gammaproteobacteria_unclassified,NA,"Depleted in ""Feed""",Otu00204,4,Feces,OTU
11.575187100662834,-3.4487449152165204,0.8593468261491252,-4.389531680122484,1.1359502966655222e-5,6.111412596060509e-4,Bacteria,Firmicutes,Negativicutes,Selenomonadales,Acidaminococcaceae,Phascolarctobacterium,"Depleted in ""Feed""",Otu00124,4,Feces,OTU
15.680548717059784,-3.358535465856875,0.6971516136985801,-4.885402176183762,1.0321794420006376e-6,7.9330362828049e-5,Bacteria,Bacteroidetes,Bacteroidetes_unclassified,Bacteroidetes_unclassified,Bacteroidetes_unclassified,NA,"Depleted in ""Feed""",Otu00226,4,Feces,OTU
3.9278332201613555,-3.2500326780144624,0.8510232498254093,-3.9795653667139503,6.904137533626338e-5,0.003139172327733053,Bacteria,Firmicutes,Clostridia,Clostridiales,Ruminococcaceae,Ruminococcaceae_UCG-014,"Depleted in ""Feed""",Otu00424,4,Feces,OTU
41.77998247245743,-3.1890102064221777,0.6276013669040548,-4.726500218393514,2.2842254649712335e-6,1.365459222393915e-4,Bacteria,Bacteroidetes,Bacteroidetes_unclassified,Bacteroidetes_unclassified,Bacteroidetes_unclassified,NA,"Depleted in ""Feed""",Otu00049,4,Feces,OTU
2.4020208667901075,-3.102892557266733,0.8350818463505878,-3.687641285407943,2.2634242390828812e-4,0.006409064424350474,Bacteria,Bacteria_unclassified,Bacteria_unclassified,Bacteria_unclassified,Bacteria_unclassified,NA,"Depleted in ""Feed""",Otu00745,4,Feces,OTU
5.633979853946784,-2.97711911627796,0.8875789946496001,-3.500917425028905,4.636594844362302e-4,0.009977952105067675,Bacteria,Spirochaetae,Spirochaetes,Spirochaetales,Spirochaetaceae,NA,"Depleted in ""Feed""",Otu00263,4,Feces,OTU
3.1030279380278203,-2.8381855267220946,0.8860717684513244,-3.062472587674382,0.0021951658032463464,0.03347389836300565,Bacteria,Bacteroidetes,Bacteroidia,Bacteroidales,Bacteroidales_unclassified,NA,"Depleted in ""Feed""",Otu00267,4,Feces,OTU
3.1811944895827673,-2.7886660885805474,0.7589596391227861,-3.348342354835697,8.129651702681419e-4,0.015620545057295014,Bacteria,Bacteria_unclassified,Bacteria_unclassified,Bacteria_unclassified,Bacteria_unclassified,NA,"Depleted in ""Feed""",Otu00422,4,Feces,OTU
9.722077083644965,-2.7860249443022838,0.6544293023718397,-3.863390491070733,1.1182403566004904e-4,0.0038636545300357724,Bacteria,Proteobacteria,Deltaproteobacteria,Deltaproteobacteria_unclassified,Deltaproteobacteria_unclassified,NA,"Depleted in ""Feed""",Otu00249,4,Feces,OTU
4.473193706299135,-2.7654289345646315,0.8857249102801936,-3.0982551821882356,0.001946637315398572,0.030802672814247995,Bacteria,Firmicutes,Clostridia,Clostridiales,Ruminococcaceae,NA,"Depleted in ""Feed""",Otu00396,4,Feces,OTU
183.2209474467536,-2.649879506764163,0.6499740335328039,-3.8841870472465785,1.0267284497207412e-4,0.0038636545300357724,Bacteria,Firmicutes,Negativicutes,Selenomonadales,Veillonellaceae,Mitsuokella,"Depleted in ""Feed""",Otu00017,4,Feces,OTU
5.247813672482059,-2.4829591529721795,0.8801483813745912,-3.4745373966087914,5.117350276836714e-4,0.010202024301755487,Bacteria,Bacteroidetes,Bacteroidia,Bacteroidales,Prevotellaceae,NA,"Depleted in ""Feed""",Otu00173,4,Feces,OTU
2.1006443358233846,-2.348594645534916,0.7659668317702439,-3.1806869444443575,0.0014692630761150168,0.02470198546718372,Bacteria,Firmicutes,Clostridia,Clostridiales,Clostridiales_unclassified,NA,"Depleted in ""Feed""",Otu00894,4,Feces,OTU
75.44116640332354,-2.311765054982883,0.5701116789217409,-6.787693280398018,1.1394056047800256e-11,1.4629967965375529e-8,Bacteria,Proteobacteria,Proteobacteria_unclassified,Proteobacteria_unclassified,Proteobacteria_unclassified,NA,"Depleted in ""Inject""",Otu00068,4,Feces,OTU
98.57144270776791,-2.162123347704002,0.6296595086519258,-3.621108540214276,2.9334340605024014e-4,0.007515178688334724,Bacteria,Bacteroidetes,Bacteroidia,Bacteroidales,Prevotellaceae,NA,"Depleted in ""Feed""",Otu00036,4,Feces,OTU
14.55648777368695,-1.9205856716984244,0.5826587167170121,-3.3119182876521087,9.26586056707424e-4,0.017189768914089455,Bacteria,Firmicutes,Clostridia,Clostridiales,Lachnospiraceae,uncultured,"Depleted in ""Feed""",Otu00257,4,Feces,OTU
32.08337745260227,-1.820663184012978,0.47062900674356606,-3.856750744124794,1.1490422394158431e-4,0.0038636545300357724,Bacteria,Firmicutes,Bacilli,Lactobacillales,Lactobacillaceae,Lactobacillus,"Depleted in ""Feed""",Otu00074,4,Feces,OTU
79.9773338703605,-1.8159283007828215,0.7723684682548106,-3.9571364483124327,7.585360643221131e-5,0.003139172327733053,Bacteria,Bacteria_unclassified,Bacteria_unclassified,Bacteria_unclassified,Bacteria_unclassified,NA,"Depleted in ""Feed""",Otu00103,4,Feces,OTU
18.9983146317638,-1.7985646288680033,0.5390800557656501,-3.193443723916186,0.0014058673689135352,0.024398601434692968,Bacteria,Firmicutes,Clostridia,Clostridiales,Clostridiales_unclassified,NA,"Depleted in ""Feed""",Otu00176,4,Feces,OTU
635.9168778775913,-1.4842012710798864,0.39690568267391646,-3.725780017324148,1.9471216299087862e-4,0.005819730204949594,Bacteria,Firmicutes,Negativicutes,Selenomonadales,Veillonellaceae,NA,"Depleted in ""Feed""",Otu00007,4,Feces,OTU
16.751724419009065,-0.780726359926939,0.744210671027082,-3.1165195331348237,0.001829995566535152,0.029834473175633692,Bacteria,Firmicutes,Clostridia,Clostridiales,Clostridiales_unclassified,NA,"Depleted in ""Feed""",Otu00112,4,Feces,OTU
6.151846192293677,-0.6897920831830185,0.5962018026720344,-3.649773002622113,2.624721532933252e-4,0.007060500923590448,Bacteria,Firmicutes,Clostridia,Clostridiales,Lachnospiraceae,NA,"Depleted in ""Feed""",Otu00330,4,Feces,OTU
1.935673695786282,0.7724813934725847,0.6873477158667768,3.0480773339316083,0.0023031064918745086,0.03348841331428339,Bacteria,Firmicutes,Clostridia,Clostridiales,Ruminococcaceae,Ruminococcaceae_UCG-010,"Enriched in ""Feed""",Otu00406,4,Feces,OTU
13.106846737218218,1.394187527691346,0.45286240744773554,3.0564311560805697,0.0022398891097921993,0.03347389836300565,Bacteria,Bacteria_unclassified,Bacteria_unclassified,Bacteria_unclassified,Bacteria_unclassified,NA,"Enriched in ""Feed""",Otu00276,4,Feces,OTU
15.651460444990938,1.4832366065732752,0.5351521459696886,2.907722149189988,0.003640716552175528,0.04972209414977339,Bacteria,Firmicutes,Clostridia,Clostridiales,Ruminococcaceae,NA,"Enriched in ""Feed""",Otu00179,4,Feces,OTU
33.90732117571245,1.4841584766499107,0.5202876573463214,2.9782574349584037,0.0028989238636965993,0.041042658912336064,Bacteria,Actinobacteria,Coriobacteriia,Coriobacteriales,Coriobacteriaceae,Collinsella,"Enriched in ""Feed""",Otu00085,4,Feces,OTU
146.23000789385864,1.5864929849263147,0.45366826469240484,3.5199469427189958,4.316331331002513e-4,0.009741795750382679,Archaea,Euryarchaeota,Methanobacteria,Methanobacteriales,Methanobacteriaceae,Methanobrevibacter,"Enriched in ""Feed""",Otu00030,4,Feces,OTU
4.027015709500277,1.697094111699005,0.8120161554333466,3.6003919160533426,3.177378901426065e-4,0.00777013567712374,Bacteria,Bacteroidetes,Bacteroidetes_unclassified,Bacteroidetes_unclassified,Bacteroidetes_unclassified,NA,"Enriched in ""Feed""",Otu00100,4,Feces,OTU
1.4444463479945038,1.8387321774749084,0.5541224799354907,3.2161359143898407,0.0012992928165720008,0.023300651177191215,Bacteria,Bacteria_unclassified,Bacteria_unclassified,Bacteria_unclassified,Bacteria_unclassified,NA,"Enriched in ""Feed""",Otu00784,4,Feces,OTU
120.69504243100609,1.8438117150670361,0.5006284398330952,3.7843675647724426,1.540999378782336e-4,0.004876809798734687,Bacteria,Bacteroidetes,Bacteroidia,Bacteroidales,Bacteroidales_unclassified,NA,"Enriched in ""Feed""",Otu00050,4,Feces,OTU
35.540156499291925,1.903502560605727,0.6598464952825662,2.902936998636897,0.003696809973960847,0.04972209414977339,Bacteria,Bacteroidetes,Bacteroidia,Bacteroidales,Bacteroidales_unclassified,NA,"Enriched in ""Feed""",Otu00139,4,Feces,OTU
2.6365391449816062,2.2823380234106803,0.623856673806019,3.4743998234463245,5.119975021327103e-4,0.010202024301755487,Bacteria,Spirochaetae,Spirochaetes,Spirochaetales,Spirochaetaceae,Sphaerochaeta,"Enriched in ""Feed""",Otu00622,4,Feces,OTU
3.4692561273233435,2.744234223932482,0.694450684884887,3.958926196221921,7.528749554887911e-5,0.003139172327733053,Bacteria,Firmicutes,Clostridia,Clostridiales,Eubacteriaceae,Acetobacterium,"Enriched in ""Feed""",Otu00393,4,Feces,OTU
62.599771378493266,2.970534122678774,0.4954245316482049,5.950082685346475,2.6800706140410526e-9,2.8837559807081726e-7,Bacteria,Firmicutes,Clostridia,Clostridiales,Lachnospiraceae,NA,"Enriched in ""Feed""",Otu00092,4,Feces,OTU
27.21843642499037,-5.19674339088486,0.8328474103698351,-5.964714640825987,2.4506193634070866e-9,4.521392725486075e-7,Bacteria,Proteobacteria,Gammaproteobacteria,Gammaproteobacteria_unclassified,Gammaproteobacteria_unclassified,NA,"Depleted in ""Feed""",Otu00204,7,Feces,OTU
49.59214494031239,-4.206508894579058,0.7716066307424644,-5.4205163437938495,5.942713884288746e-8,7.309538077675157e-6,Bacteria,Proteobacteria,Proteobacteria_unclassified,Proteobacteria_unclassified,Proteobacteria_unclassified,NA,"Depleted in ""Feed""",Otu00068,7,Feces,OTU
17.335304122561407,-4.097350280552632,0.8705148031902367,-4.583122352932301,4.580838171651593e-6,3.3806585706788755e-4,Bacteria,Proteobacteria,Deltaproteobacteria,Deltaproteobacteria_unclassified,Deltaproteobacteria_unclassified,NA,"Depleted in ""Feed""",Otu00249,7,Feces,OTU
106.16767272127032,-3.6058897294576804,0.6966763950122039,-5.161507004633767,2.449697228281799e-7,2.2598456930899597e-5,Bacteria,Proteobacteria,Epsilonproteobacteria,Campylobacterales,Campylobacteraceae,Campylobacter,"Depleted in ""Feed""",Otu00029,7,Feces,OTU
21.679758697707864,-3.605321735777112,0.7929553153421265,-4.371852775903783,1.2319659144809943e-5,7.576590374058115e-4,Bacteria,Firmicutes,Clostridia,Clostridiales,Lachnospiraceae,Oribacterium,"Depleted in ""Feed""",Otu00169,7,Feces,OTU
19.722899541783686,-3.465368691076532,0.6884345120904223,-2.736984769302871,0.006200516370108888,0.04766646959521208,Bacteria,Bacteroidetes,Bacteroidetes_unclassified,Bacteroidetes_unclassified,Bacteroidetes_unclassified,NA,"Depleted in ""Feed""",Otu00109,7,Feces,OTU
46.88086550371547,-3.4415313669150476,0.7087145744402235,-3.055381425924338,0.002247744624664004,0.029979003320567337,Bacteria,Bacteroidetes,Bacteroidia,Bacteroidales,Prevotellaceae,Alloprevotella,"Depleted in ""Feed""",Otu00039,7,Feces,OTU
91.38838203436353,-3.143925491568199,0.8326613794048443,-3.8203152904356523,1.3328118757935853e-4,0.00491807582167833,Bacteria,Bacteroidetes,Bacteroidia,Bacteroidales,Prevotellaceae,Prevotella_7,"Depleted in ""Feed""",Otu00016,7,Feces,OTU
4.239842441055308,-3.060947065797026,0.935483213548046,-3.2422245453128435,0.0011860053654023164,0.020885577261698093,Bacteria,Bacteria_unclassified,Bacteria_unclassified,Bacteria_unclassified,Bacteria_unclassified,NA,"Depleted in ""Feed""",Otu00592,7,Feces,OTU
16.89094924681232,-2.7518637847998533,0.9585322408148728,-3.2415993188709145,0.001188610088064119,0.020885577261698093,Bacteria,Bacteroidetes,Bacteroidia,Bacteroidales,Bacteroidales_unclassified,NA,"Depleted in ""Feed""",Otu00267,7,Feces,OTU
5.5747371576329865,-2.689716158764939,0.7805649137990481,-3.147471524091139,0.001646891462688418,0.04640593745458151,Bacteria,Firmicutes,Clostridia,Clostridiales,Clostridiaceae_1,NA,"Depleted in ""Inject""",Otu00143,7,Feces,OTU
13.737238481749344,-2.673379848803216,0.8496446472656917,-3.247724371724586,0.001163319028399116,0.020885577261698093,Bacteria,Firmicutes,Clostridia,Clostridiales,Ruminococcaceae,NA,"Depleted in ""Feed""",Otu00307,7,Feces,OTU
3.944998085676763,-2.5093974077103,0.84615293703115,-2.883590908088284,0.003931691461218411,0.03921065268079983,Bacteria,Firmicutes,Clostridia,Clostridiales,Lachnospiraceae,NA,"Depleted in ""Feed""",Otu00527,7,Feces,OTU
20.63008508991769,-2.424880677186544,0.9063378151481021,-2.7101180307733177,0.006725926864828569,0.04858578017117592,Bacteria,Spirochaetae,Spirochaetes,Spirochaetales,Spirochaetaceae,Treponema_2,"Depleted in ""Feed""",Otu00062,7,Feces,OTU
4.193336886654422,-2.3931579783332073,0.8383152263295433,-2.9056931153234276,0.003664406488407257,0.037560166506174386,Bacteria,Firmicutes,Clostridia,Clostridiales,Lachnospiraceae,Tyzzerella,"Depleted in ""Feed""",Otu00275,7,Feces,OTU
5.757973182565837,-2.3218147843083856,0.8519014232522678,-3.0366352220884085,0.0023923477682158602,0.030440562981781116,Bacteria,Firmicutes,Negativicutes,Selenomonadales,Veillonellaceae,Megasphaera,"Depleted in ""Feed""",Otu00129,7,Feces,OTU
3.106948465833179,-2.302547627183553,0.8161050413529406,-2.771281289885339,0.005583616844533886,0.04479031773115226,Bacteria,Firmicutes,Clostridia,Clostridiales,Lachnospiraceae,Lachnospiraceae_ge,"Depleted in ""Feed""",Otu00538,7,Feces,OTU
84.12326070312979,-2.2170134563915846,0.7056224108798622,-3.2604975413223465,0.0011121693144272066,0.0392284707868531,Bacteria,Bacteroidetes,Bacteroidia,Bacteroidales,Prevotellaceae,Alloprevotella,"Depleted in ""Inject""",Otu00090,7,Feces,OTU
4.603151969041709,-2.2058243402647717,0.6236683535808237,-3.4418394812252107,5.777729886800194e-4,0.029683087293435998,Bacteria,Firmicutes,Clostridia,Clostridiales,Lachnospiraceae,NA,"Depleted in ""Inject""",Otu00331,7,Feces,OTU
84.12326070312979,-2.1700676725929684,0.7798868719986206,-2.978573658127338,0.002895934151010041,0.03447095812008726,Bacteria,Bacteroidetes,Bacteroidia,Bacteroidales,Prevotellaceae,Alloprevotella,"Depleted in ""Feed""",Otu00090,7,Feces,OTU
18.7603033114371,-2.168650051485412,0.8075163308343828,-2.858175834551545,0.0042608421274049,0.04031412166698482,Bacteria,Bacteroidetes,Bacteroidia,Bacteroidales,Prevotellaceae,NA,"Depleted in ""Feed""",Otu00101,7,Feces,OTU
176.06983526509762,-2.096048977247985,0.5771748513343035,-3.533610579093251,4.0992457182721523e-4,0.027756074170501507,Bacteria,Bacteroidetes,Bacteroidia,Bacteroidales,Prevotellaceae,NA,"Depleted in ""Inject""",Otu00012,7,Feces,OTU
21.49218070622058,-2.0334481233127355,0.6363593626821784,-3.107587245660555,0.001886213014296122,0.048452096804731636,Bacteria,Firmicutes,Clostridia,Clostridiales,Ruminococcaceae,Oscillospira,"Depleted in ""Inject""",Otu00136,7,Feces,OTU
7.7314802858034355,-1.9348975465368494,0.6577384244722533,-2.8317501567866126,0.004629400561569871,0.04166460505412884,Bacteria,Bacteroidetes,Bacteroidetes_unclassified,Bacteroidetes_unclassified,Bacteroidetes_unclassified,NA,"Depleted in ""Feed""",Otu00208,7,Feces,OTU
111.82809557781302,-1.7710009185087976,0.6571418217376618,-2.700001975173053,0.006933906439891845,0.04858578017117592,Bacteria,Bacteroidetes,Bacteroidia,Bacteroidales,Prevotellaceae,NA,"Depleted in ""Feed""",Otu00028,7,Feces,OTU
768.5206299899136,-1.5759168151001757,0.5116013960122685,-3.069766929106924,0.0021422587709240652,0.029979003320567337,Bacteria,Bacteroidetes,Bacteroidia,Bacteroidales,Prevotellaceae,Prevotella_9,"Depleted in ""Feed""",Otu00001,7,Feces,OTU
2.22466002695545,-0.0025232579649504478,0.8611075470601612,3.3519321454567836,8.024968508677162e-4,0.01974142253134582,Bacteria,Bacteroidetes,Bacteroidia,Bacteroidales,Bacteroidales_unclassified,NA,"Depleted in ""Feed""",Otu00266,7,Feces,OTU
11.793540522076393,0.5037091673542513,0.5856258539330207,-2.681279943478973,0.007334113338518881,0.0492052331256994,Bacteria,Firmicutes,Clostridia,Clostridiales,Lachnospiraceae,uncultured,"Enriched in ""Feed""",Otu00257,7,Feces,OTU
4.2410293912839565,1.001254578837087,0.8649145522644548,3.3806087351255965,7.232545182321004e-4,0.019062922659117503,Bacteria,Bacteroidetes,Bacteroidia,Bacteroidales,Bacteroidales_unclassified,NA,"Enriched in ""Feed""",Otu00354,7,Feces,OTU
89.84474825516442,1.0649358486001654,0.3704079279162907,2.8729008324487584,0.004067217632339892,0.03949482385087948,Bacteria,Firmicutes,Clostridia,Clostridiales,Family_XIII,NA,"Enriched in ""Feed""",Otu00064,7,Feces,OTU
44.970479307128045,1.26585594896422,0.7026841728591932,-3.215535593523509,0.0013020134732554544,0.021838316892330123,Bacteria,Firmicutes,Negativicutes,Selenomonadales,Acidaminococcaceae,Phascolarctobacterium,"Enriched in ""Feed""",Otu00047,7,Feces,OTU
236.23122156343564,1.4309703484948058,0.4791472128847672,2.9220581166983397,0.003477266497647794,0.03701423402825559,Bacteria,Bacteroidetes,Bacteroidia,Bacteroidales,Prevotellaceae,NA,"Enriched in ""Feed""",Otu00006,7,Feces,OTU
12.636865046655927,1.5095317021722252,0.9154724927193654,3.7200217965708045,1.992055854037359e-4,0.006682441910361686,Bacteria,Firmicutes,Clostridia,Clostridiales,Lachnospiraceae,NA,"Enriched in ""Feed""",Otu00296,7,Feces,OTU
4.6402476528183385,1.5564507375139185,0.9135058914688953,2.7878249728061064,0.005306320393846336,0.04351182722953995,Bacteria,Firmicutes,Clostridia,Clostridiales,Ruminococcaceae,Ruminococcus_1,"Enriched in ""Feed""",Otu00483,7,Feces,OTU
55.31028286917024,1.5811455695347019,0.5690211605739534,2.6924274115802387,0.007093397491203846,0.04858578017117592,Bacteria,Bacteroidetes,Bacteroidetes_unclassified,Bacteroidetes_unclassified,Bacteroidetes_unclassified,NA,"Enriched in ""Feed""",Otu00073,7,Feces,OTU
18.043526731447074,1.6329596977277816,0.6004077964772166,2.7928891309213224,0.005223959326052507,0.04351182722953995,Bacteria,Bacteroidetes,Bacteroidia,Bacteroidales,Rikenellaceae,Rikenellaceae_RC9_gut_group,"Enriched in ""Feed""",Otu00215,7,Feces,OTU
10.21783873588534,1.6464734230935498,0.708660666106977,2.7156473532596705,0.0066146333410403895,0.04858578017117592,Bacteria,Firmicutes,Clostridia,Clostridiales,Christensenellaceae,Christensenellaceae_R-7_group,"Enriched in ""Feed""",Otu00157,7,Feces,OTU
15.940475116222302,1.7475514962105203,0.6118203476859646,2.7934403314659457,0.005215064917440778,0.04351182722953995,Archaea,Euryarchaeota,Thermoplasmata,Thermoplasmatales,Thermoplasmatales_Incertae_Sedis,uncultured,"Enriched in ""Feed""",Otu00077,7,Feces,OTU
12.258248942592175,1.7543163774999084,0.6210823113117568,2.6699940140856797,0.007585259919147977,0.049981444824385775,Bacteria,Bacteria_unclassified,Bacteria_unclassified,Bacteria_unclassified,Bacteria_unclassified,NA,"Enriched in ""Feed""",Otu00276,7,Feces,OTU
523.5251235970277,1.784889705309052,0.6201482009111718,2.939391888221636,0.003288569767770727,0.03677218922143631,Bacteria,Bacteroidetes,Bacteroidia,Bacteroidales,Prevotellaceae,NA,"Enriched in ""Feed""",Otu00005,7,Feces,OTU
128.8630505095211,1.8157079047597384,0.6124736246529853,2.95083670476826,0.003169144163324901,0.036544193633340265,Bacteria,Spirochaetae,Spirochaetes,Spirochaetales,Spirochaetaceae,Treponema_2,"Enriched in ""Feed""",Otu00040,7,Feces,OTU
4.020841380301267,1.8743903312661834,0.6747602169715573,2.919064546146642,0.0035108352059321024,0.03701423402825559,Bacteria,Firmicutes,Clostridia,Clostridiales,Clostridiales_unclassified,NA,"Enriched in ""Feed""",Otu00497,7,Feces,OTU
4.6402476528183385,1.9052139055983226,0.7762677346364992,3.223830562962747,0.0012648821667052116,0.03998973619352631,Bacteria,Firmicutes,Clostridia,Clostridiales,Ruminococcaceae,Ruminococcus_1,"Enriched in ""Inject""",Otu00483,7,Feces,OTU
7.209162911478643,1.993323114933598,0.6035970070555716,3.2995629444849706,9.683550875862581e-4,0.020885577261698093,Bacteria,Firmicutes,Clostridia,Clostridiales,Ruminococcaceae,Ruminiclostridium_6,"Enriched in ""Feed""",Otu00328,7,Feces,OTU
10.013830652292565,2.022297354612164,0.7545714769258739,3.088083481085123,0.002014518715534324,0.02973429624128662,Bacteria,Firmicutes,Firmicutes_unclassified,Firmicutes_unclassified,Firmicutes_unclassified,NA,"Enriched in ""Feed""",Otu00338,7,Feces,OTU
11.64033819903281,2.042392176332384,0.7958939723247519,2.757373369534531,0.005826777691836264,0.04574640358058684,Bacteria,Proteobacteria,Gammaproteobacteria,Pasteurellales,Pasteurellaceae,Actinobacillus,"Enriched in ""Feed""",Otu00080,7,Feces,OTU
73.60130956370166,2.0428602988251297,0.47945873671642025,4.235799715945803,2.2773970608433992e-5,0.0010504493943140178,Bacteria,Firmicutes,Clostridia,Clostridiales,Lachnospiraceae,Lachnoclostridium,"Enriched in ""Feed""",Otu00051,7,Feces,OTU
4.413345384852057,2.093278915631314,0.8744917247431538,2.9980499824962252,0.0027171310721627643,0.033420712187602,Bacteria,Proteobacteria,Gammaproteobacteria,Enterobacteriales,Enterobacteriaceae,Escherichia-Shigella,"Enriched in ""Feed""",Otu00038,7,Feces,OTU
10.013830652292565,2.094945763075378,0.6884296841307311,3.3179146067978476,9.069220642329774e-4,0.03727449683997537,Bacteria,Firmicutes,Firmicutes_unclassified,Firmicutes_unclassified,Firmicutes_unclassified,NA,"Enriched in ""Inject""",Otu00338,7,Feces,OTU
14.172832348469829,2.110187897044959,0.6834988431887766,3.1392779206293593,0.0016936473523569897,0.04640593745458151,Bacteria,Firmicutes,Clostridia,Clostridiales,Ruminococcaceae,NA,"Enriched in ""Inject""",Otu00145,7,Feces,OTU
50.912324757109175,2.137799275137367,0.6907878127264947,3.0517876727513324,0.002274829520259852,0.029979003320567337,Bacteria,Firmicutes,Clostridia,Clostridiales,Lachnospiraceae,NA,"Enriched in ""Feed""",Otu00092,7,Feces,OTU
4.424610483572077,2.158379375443704,0.7745330028411594,3.252149698571563,0.001145356811294981,0.0392284707868531,Bacteria,Firmicutes,Clostridia,Clostridiales,Ruminococcaceae,NA,"Enriched in ""Inject""",Otu00396,7,Feces,OTU
65.03200869081749,2.1683053840445137,0.615874598867156,3.4324450067912884,5.981651785876277e-4,0.016978688530679586,Bacteria,Firmicutes,Clostridia,Clostridiales,Ruminococcaceae,Faecalibacterium,"Enriched in ""Feed""",Otu00084,7,Feces,OTU
6.700508099148305,2.227387361290042,0.7240048982560869,3.1282983235515527,0.001758216259014972,0.027032574982355194,Bacteria,Firmicutes,Clostridia,Clostridiales,Christensenellaceae,Christensenellaceae_R-7_group,"Enriched in ""Feed""",Otu00363,7,Feces,OTU
34.76716397935679,2.258686792570037,0.6738792004273121,3.6574082449309633,2.5477841820129965e-4,0.007834436359689964,Bacteria,Bacteroidetes,Bacteroidia,Bacteroidales,Bacteroidaceae,Bacteroides,"Enriched in ""Feed""",Otu00115,7,Feces,OTU
16.816035294116812,2.2919224856003733,0.7397940402145418,3.243386931317263,0.0011811768225909063,0.020885577261698093,Bacteria,Firmicutes,Clostridia,Clostridiales,Lachnospiraceae,NA,"Enriched in ""Feed""",Otu00214,7,Feces,OTU
71.18975977404746,2.2965294647231826,0.6610741503351111,3.5419467586244413,3.9718563319399473e-4,0.027756074170501507,Bacteria,Bacteroidetes,Bacteroidia,Bacteroidales,Prevotellaceae,NA,"Enriched in ""Inject""",Otu00055,7,Feces,OTU
8.890136700255242,2.3051040508337244,0.9355217846304383,2.8066319456732285,0.005006240524437776,0.04351182722953995,Bacteria,Firmicutes,Clostridia,Clostridiales,Lachnospiraceae,NA,"Enriched in ""Feed""",Otu00392,7,Feces,OTU
4.547093324237949,2.3206123495567814,0.8362950614805985,3.1694864254654145,0.0015270859118973348,0.02449976963000507,Bacteria,Firmicutes,Clostridia,Clostridiales,Ruminococcaceae,NA,"Enriched in ""Feed""",Otu00541,7,Feces,OTU
5.89744175239706,2.331665859277533,0.834055231050377,2.6916423798272326,0.007110114171391599,0.04858578017117592,Bacteria,Firmicutes,Clostridia,Clostridiales,Ruminococcaceae,NA,"Enriched in ""Feed""",Otu00373,7,Feces,OTU
4.113432507150679,2.3415261144483055,0.9103416649991746,2.72734383804727,0.006384647060408845,0.04808030133246661,Bacteria,Firmicutes,Clostridia,Clostridiales,Clostridiales_unclassified,NA,"Enriched in ""Feed""",Otu00599,7,Feces,OTU
171.72011844349262,2.3960110639085044,0.5496832346657404,4.320601547179035,1.5560442777989912e-5,8.202576264397539e-4,Bacteria,Bacteroidetes,Bacteroidetes_unclassified,Bacteroidetes_unclassified,Bacteroidetes_unclassified,NA,"Enriched in ""Feed""",Otu00025,7,Feces,OTU
12.636865046655927,2.4199909448070347,0.7773912503967465,4.615522596470267,3.921073727961915e-6,0.001611561302192347,Bacteria,Firmicutes,Clostridia,Clostridiales,Lachnospiraceae,NA,"Enriched in ""Inject""",Otu00296,7,Feces,OTU
119.27614855304223,2.4257288359176568,0.6350097965334827,4.308074349110007,1.646820323806113e-5,0.0032481773145546164,Bacteria,Spirochaetae,Spirochaetes,Spirochaetales,Spirochaetaceae,Treponema_2,"Enriched in ""Inject""",Otu00024,7,Feces,OTU
10.21783873588534,2.4470836669302516,0.6528933739416157,3.8508010728826245,1.1773210006826208e-4,0.01209697328201393,Bacteria,Firmicutes,Clostridia,Clostridiales,Christensenellaceae,Christensenellaceae_R-7_group,"Enriched in ""Inject""",Otu00157,7,Feces,OTU
7.311478728067877,2.453989700167347,0.700753453467759,3.4957501087358147,4.7273119025185046e-4,0.027756074170501507,Bacteria,Firmicutes,Clostridia,Clostridiales,Clostridiales_unclassified,NA,"Enriched in ""Inject""",Otu00411,7,Feces,OTU
5.505751284941024,2.504334294262189,0.7594405465017672,4.226747717455456,2.370932346390231e-5,0.0032481773145546164,Bacteria,Firmicutes,Clostridia,Clostridiales,Ruminococcaceae,Ruminococcaceae_UCG-010,"Enriched in ""Inject""",Otu00406,7,Feces,OTU
43.03892108045462,2.5181983387368128,0.7776918655193892,3.268399255323602,0.0010815767473420492,0.020885577261698093,Bacteria,Firmicutes,Clostridia,Clostridiales,Ruminococcaceae,Ruminococcaceae_ge,"Enriched in ""Feed""",Otu00057,7,Feces,OTU
8.95834204992943,2.5623506280362074,0.8163938031272201,2.8394202551428696,0.0045195590093361285,0.04166460505412884,Bacteria,Bacteroidetes,Bacteroidia,Bacteroidales,Prevotellaceae,NA,"Enriched in ""Feed""",Otu00114,7,Feces,OTU
2.6385508969312097,2.585826246573272,0.7668013562342784,3.3818009963615476,7.201229213059653e-4,0.03288561340630575,Bacteria,Bacteroidetes,Bacteroidia,Bacteroidales,Rikenellaceae,Alistipes,"Enriched in ""Inject""",Otu00096,7,Feces,OTU
2.1310337884385615,2.804744341694056,0.7497243007753809,3.898926336876174,9.662016041112558e-5,0.0039614265768561484,Bacteria,Firmicutes,Clostridia,Clostridiales,Ruminococcaceae,NA,"Enriched in ""Feed""",Otu00636,7,Feces,OTU
119.27614855304223,3.9171049467369077,0.6832979369891302,6.052713420056792,1.4242611573813147e-9,4.521392725486075e-7,Bacteria,Spirochaetae,Spirochaetes,Spirochaetales,Spirochaetaceae,Treponema_2,"Enriched in ""Feed""",Otu00024,7,Feces,OTU
8.828812564539435,-3.4357210482093237,0.8260922950245669,-3.9521621565249294,7.744822804180848e-5,0.04928977317116839,Bacteria,Proteobacteria,Deltaproteobacteria,Desulfovibrionales,Desulfovibrionaceae,Desulfovibrio,"Depleted in ""Feed""",Otu00518,14,Feces,OTU
6.024278131394467,3.9380073244303246,1.0214198406450061,3.8632354596187795,1.1189505827734027e-4,0.04928977317116839,Bacteria,Firmicutes,Clostridia,Clostridiales,Clostridiaceae_1,NA,"Enriched in ""Feed""",Otu00143,14,Feces,OTU
64.02762525706655,1.239032721822871,0.34514202958773377,3.6392181210696277,2.734670963821242e-4,0.009297881276992222,Bacteria,Firmicutes,Clostridia,Clostridiales,Lachnospiraceae,Lachnoclostridium,"Enriched in ""Feed""",Otu00051,4,Feces,Genus
44.23605810976146,1.2545645801344874,0.44469384376722737,3.179840585456634,0.0014735609210408372,0.03757580348654135,Bacteria,Actinobacteria,Coriobacteriia,Coriobacteriales,Coriobacteriaceae,Collinsella,"Enriched in ""Feed""",Otu00085,4,Feces,Genus
163.77492212521844,1.6751818094367474,0.390954307881479,4.352510284716953,1.3458755629069314e-5,0.0013727930741650701,Archaea,Euryarchaeota,Methanobacteria,Methanobacteriales,Methanobacteriaceae,Methanobrevibacter,"Enriched in ""Feed""",Otu00030,4,Feces,Genus
3.4067889299495744,1.8315020175248562,0.5040319373109671,3.767926824302919,1.6460893609616584e-4,0.008395055740904458,Bacteria,Firmicutes,Clostridia,Clostridiales,Eubacteriaceae,Acetobacterium,"Enriched in ""Feed""",Otu00393,4,Feces,Genus
24.88167603482489,-3.2844022909442128,0.6885222107812178,-4.665278599321866,3.081991787888166e-6,7.704979469720415e-5,Bacteria,Firmicutes,Clostridia,Clostridiales,Lachnospiraceae,Oribacterium,"Depleted in ""Feed""",Otu00169,7,Feces,Genus
79.35374329939518,-2.9463577779492383,0.6028791447546336,-4.81715057806814,1.4562279529419524e-6,7.281139764709761e-5,Bacteria,Proteobacteria,Epsilonproteobacteria,Campylobacterales,Campylobacteraceae,Campylobacter,"Depleted in ""Feed""",Otu00029,7,Feces,Genus
933.8246772669245,-1.1593576315008687,0.38634147932505863,-2.9790420002756925,0.00289151140933311,0.01952189915523295,Bacteria,Bacteroidetes,Bacteroidia,Bacteroidales,Prevotellaceae,Prevotella_9,"Depleted in ""Feed""",Otu00001,7,Feces,Genus
399.4811287291335,1.261283129660867,0.4129930507678631,3.080672909136946,0.0020653339704713885,0.017211116420594905,Bacteria,Spirochaetae,Spirochaetes,Spirochaetales,Spirochaetaceae,Treponema_2,"Enriched in ""Feed""",Otu00024,7,Feces,Genus
69.0778583450243,1.2646575139202687,0.42581167213168003,2.955314579584488,0.0031235038648372722,0.01952189915523295,Bacteria,Firmicutes,Clostridia,Clostridiales,Ruminococcaceae,Ruminococcaceae_UCG-010,"Enriched in ""Feed""",Otu00289,7,Feces,Genus
10.077196849390237,1.315808509570413,0.5129329192888403,2.5539392120702993,0.010651184989971734,0.04841447722714425,Bacteria,Spirochaetae,Spirochaetes,Spirochaetales,Spirochaetaceae,Sphaerochaeta,"Enriched in ""Feed""",Otu00356,7,Feces,Genus
113.2602410431577,1.3634326545871238,0.5437378143766223,2.7461518632457573,0.006029884461871544,0.033499358121508574,Bacteria,Bacteroidetes,Bacteroidia,Bacteroidales,Bacteroidaceae,Bacteroides,"Enriched in ""Feed""",Otu00037,7,Feces,Genus
11.244084993590562,1.5538244024279675,0.6860808176948724,2.6429843644782296,0.008217883010089015,0.041089415050445076,Bacteria,Proteobacteria,Gammaproteobacteria,Pasteurellales,Pasteurellaceae,Actinobacillus,"Enriched in ""Feed""",Otu00080,7,Feces,Genus
40.22945845509716,1.8219318986288304,0.4834967074790085,3.857819265648422,1.1440319092491345e-4,0.0014300398865614182,Archaea,Euryarchaeota,Thermoplasmata,Thermoplasmatales,Thermoplasmatales_Incertae_Sedis,uncultured,"Enriched in ""Feed""",Otu00077,7,Feces,Genus
70.70512067066322,1.8827359297294786,0.42002281939850333,4.419779238195605,9.880178019697005e-6,1.6466963366161677e-4,Bacteria,Firmicutes,Clostridia,Clostridiales,Lachnospiraceae,Lachnoclostridium,"Enriched in ""Feed""",Otu00051,7,Feces,Genus
6.478995195972766,1.883510606678023,0.5293611664162059,3.540587888505679,3.9923664091829497e-4,0.0039923664091829495,Bacteria,Firmicutes,Clostridia,Clostridiales,Ruminococcaceae,Ruminiclostridium_6,"Enriched in ""Feed""",Otu00328,7,Feces,Genus
719.7042446389988,1.3140232225371964,0.3808494098244742,3.571781609440391,3.5456102329533813e-4,0.03049224800339908,Bacteria,Firmicutes,Bacilli,Lactobacillales,Lactobacillaceae,Lactobacillus,"Enriched in ""Inject""",Otu00023,14,Feces,Genus
112.11148470214098,1.7217811080768128,0.46233978154951083,3.8198808504065074,1.3351615510407894e-4,0.011482389338950788,Bacteria,Firmicutes,Clostridia,Clostridiales,Lachnospiraceae,Blautia,"Enriched in ""Feed""",Otu00094,14,Feces,Genus
86.49562111863536,1.8109129071884047,0.492329176911422,3.5601707484982086,3.7061373245815023e-4,0.03298462218877537,Bacteria,Firmicutes,Clostridia,Clostridiales,Christensenellaceae,Christensenellaceae_R-7_group,"Enriched in ""Feed""",Otu00066,11,Feces,Genus
47.94251779909166,-4.47623174785028,0.5950951697949237,-7.17587426742226,7.18465613587649e-13,5.8195714700599565e-11,Bacteria,Fibrobacteres,Fibrobacteria,Fibrobacterales,Fibrobacteraceae,NA,"Depleted in ""Feed""",Otu00161,4,Feces,Family
95.19772169844929,-2.407946579219193,0.5062615146483982,-5.023511280121222,5.073524345818705e-7,2.0547773600565756e-5,Bacteria,Proteobacteria,Proteobacteria_unclassified,Proteobacteria_unclassified,Proteobacteria_unclassified,NA,"Depleted in ""Feed""",Otu00068,4,Feces,Family
3.606024554950967,-2.3788508191612197,0.5632758580402427,-2.9410524455888543,0.0032709914724830974,0.03311878865889136,Bacteria,Proteobacteria,Gammaproteobacteria,Enterobacteriales,Enterobacteriaceae,NA,"Depleted in ""Feed""",Otu00038,4,Feces,Family
95.19772169844929,-2.277266913006977,0.44812778979350854,-5.222312600013738,1.7670234527218046e-7,1.4312889967046618e-5,Bacteria,Proteobacteria,Proteobacteria_unclassified,Proteobacteria_unclassified,Proteobacteria_unclassified,NA,"Depleted in ""Inject""",Otu00068,4,Feces,Family
68.31985800852948,-2.174809539646487,0.5828604787089471,-3.3418630116677703,8.32181201911278e-4,0.011234446225802254,Bacteria,Proteobacteria,Gammaproteobacteria,Gammaproteobacteria_unclassified,Gammaproteobacteria_unclassified,NA,"Depleted in ""Feed""",Otu00104,4,Feces,Family
10.550587741190599,-2.0264360113229443,0.5804080311033963,-3.030284049524074,0.0024432383810060253,0.028271758408784008,Bacteria,Proteobacteria,Deltaproteobacteria,Deltaproteobacteria_unclassified,Deltaproteobacteria_unclassified,NA,"Depleted in ""Feed""",Otu00249,4,Feces,Family
67.25342138233428,1.4956880880131915,0.4299879259164929,3.590870718113276,3.2957509319928973e-4,0.006673895637285617,Bacteria,Actinobacteria,Coriobacteriia,Coriobacteriales,Coriobacteriaceae,NA,"Enriched in ""Feed""",Otu00085,4,Feces,Family
159.07995462396585,1.8685682111517106,0.4043995788753329,4.678824739160256,2.8852392731124504e-6,7.790146037403616e-5,Archaea,Euryarchaeota,Methanobacteria,Methanobacteriales,Methanobacteriaceae,NA,"Enriched in ""Feed""",Otu00030,4,Feces,Family
4.267001242519228,2.1422796892780984,0.6306145404715244,3.4263377600831957,6.117791158968559e-4,0.009910821677529066,Bacteria,Firmicutes,Clostridia,Clostridiales,Eubacteriaceae,NA,"Enriched in ""Feed""",Otu00393,4,Feces,Family
22.347296954919994,-5.247564885025743,0.8697637462057619,-5.669431097414554,1.4327245400519504e-8,4.513082301163644e-7,Bacteria,Proteobacteria,Deltaproteobacteria,Deltaproteobacteria_unclassified,Deltaproteobacteria_unclassified,NA,"Depleted in ""Feed""",Otu00249,7,Feces,Family
65.03620177789922,-4.02900180899152,0.659877537528603,-6.0215878045412445,1.727142847567134e-9,1.0880999939672944e-7,Bacteria,Proteobacteria,Proteobacteria_unclassified,Proteobacteria_unclassified,Proteobacteria_unclassified,NA,"Depleted in ""Feed""",Otu00068,7,Feces,Family
84.20401131542272,-3.27193861623742,0.6667464786215335,-4.813248933602163,1.48496126232627e-6,3.118418650885167e-5,Bacteria,Proteobacteria,Epsilonproteobacteria,Campylobacterales,Campylobacteraceae,NA,"Depleted in ""Feed""",Otu00029,7,Feces,Family
22.575830341834234,-2.243378558912533,0.7097869470628279,-2.9555146111201935,0.0031214791153605925,0.03277553071128622,Bacteria,Fibrobacteres,Fibrobacteria,Fibrobacterales,Fibrobacteraceae,NA,"Depleted in ""Feed""",Otu00161,7,Feces,Family
19.29255352435887,-1.6516435221839514,0.45345890675134926,-3.6247805450824626,2.8920692698880144e-4,0.009110018200147245,Bacteria,Firmicutes,Erysipelotrichia,Erysipelotrichales,Erysipelotrichaceae,NA,"Depleted in ""Inject""",Otu00206,7,Feces,Family
598.190982938777,-1.0177851291747386,0.30863326330176194,-3.336478200200994,8.48470825586272e-4,0.010690732402387028,Bacteria,Bacteroidetes,Bacteroidia,Bacteroidales,Bacteroidales_unclassified,NA,"Depleted in ""Feed""",Otu00015,7,Feces,Family
1.1095622807017511,-0.4338622956478857,0.7802239666775533,2.698098716765052,0.006973675763790721,0.048815730346535045,Bacteria,Firmicutes,Clostridia,Clostridiales,Eubacteriaceae,NA,"Depleted in ""Feed""",Otu00393,7,Feces,Family
109.00272631081907,1.4759046944768308,0.5640491835521387,2.8396556402514803,0.004516225772954665,0.040646031956591985,Bacteria,Bacteroidetes,Bacteroidia,Bacteroidales,Bacteroidaceae,NA,"Enriched in ""Feed""",Otu00037,7,Feces,Family
40.10985499291539,1.7830091413346634,0.4962377214282185,3.6746371668221536,2.3818765656296822e-4,0.0037514555908667495,Archaea,Euryarchaeota,Thermoplasmata,Thermoplasmatales,Thermoplasmatales_Incertae_Sedis,NA,"Enriched in ""Feed""",Otu00077,7,Feces,Family
17.423766811384816,1.849307684476577,0.5289133986097445,3.7282278545141994,1.9283099504725776e-4,0.009110018200147245,Bacteria,Synergistetes,Synergistia,Synergistales,Synergistaceae,NA,"Enriched in ""Inject""",Otu00013,7,Feces,Family
10.502966820302298,1.850993785723049,0.7681119888769012,2.7885059999791766,0.005295176657297435,0.0416995161762173,Bacteria,Proteobacteria,Gammaproteobacteria,Pasteurellales,Pasteurellaceae,NA,"Enriched in ""Feed""",Otu00080,7,Feces,Family
149.83923725528712,-1.0825206822706017,0.34637585713352964,-3.1380126376184454,0.0017009754301551268,0.04762731204434355,Bacteria,Bacteroidetes,Bacteroidetes_unclassified,Bacteroidetes_unclassified,Bacteroidetes_unclassified,NA,"Depleted in ""Inject""",Otu00025,14,Feces,Family
74.70525326632801,1.2859399112405396,0.40393847242009184,3.217431973560439,0.0012934369536825873,0.03621623470311244,Bacteria,Actinobacteria,Coriobacteriia,Coriobacteriales,Coriobacteriaceae,NA,"Enriched in ""Feed""",Otu00085,14,Feces,Family
784.6419022738352,1.3586235038524443,0.3811562260238019,3.8395604490833075,1.2325478034031845e-4,0.0069022676990578334,Bacteria,Firmicutes,Bacilli,Lactobacillales,Lactobacillaceae,NA,"Enriched in ""Inject""",Otu00023,14,Feces,Family
784.6419022738352,1.5942083758448078,0.38790809046037855,4.296270637263694,1.7369550688373658e-5,9.726948385489248e-4,Bacteria,Firmicutes,Bacilli,Lactobacillales,Lactobacillaceae,NA,"Enriched in ""Feed""",Otu00023,14,Feces,Family
90.10110796221862,1.8119188084612021,0.43001816426282186,3.947079642828091,7.911024678856371e-5,0.00490483530089095,Bacteria,Firmicutes,Clostridia,Clostridiales,Christensenellaceae,NA,"Enriched in ""Feed""",Otu00066,11,Feces,Family
45.74679634902142,-4.390273956526873,0.5883863320331953,-7.124622851947078,1.0436606579052645e-12,6.366330013222113e-11,Bacteria,Fibrobacteres,Fibrobacteria,Fibrobacterales,NA,NA,"Depleted in ""Feed""",Otu00161,4,Feces,Order
3.482202557913113,-2.4506469913333673,0.5548022825079589,-2.902701768185276,0.0036995875931581912,0.03761247386377494,Bacteria,Proteobacteria,Gammaproteobacteria,Enterobacteriales,NA,NA,"Depleted in ""Feed""",Otu00038,4,Feces,Order
94.48873232003817,-2.3525351831117303,0.5064426325442849,-4.897135574252155,9.72437494584488e-7,1.977289572321792e-5,Bacteria,Proteobacteria,Proteobacteria_unclassified,Proteobacteria_unclassified,NA,NA,"Depleted in ""Feed""",Otu00068,4,Feces,Order
94.48873232003817,-2.202832289602819,0.4524110882056133,-5.013890058894037,5.334047198851415e-7,3.2537687912993635e-5,Bacteria,Proteobacteria,Proteobacteria_unclassified,Proteobacteria_unclassified,NA,NA,"Depleted in ""Inject""",Otu00068,4,Feces,Order
67.7512816655144,-2.044599227952925,0.581120113321502,-3.153654924165698,0.0016123961957025372,0.019671233587570953,Bacteria,Proteobacteria,Gammaproteobacteria,Gammaproteobacteria_unclassified,NA,NA,"Depleted in ""Feed""",Otu00104,4,Feces,Order
3.482202557913113,-1.74420808336968,0.4807295157673061,-3.044320598721968,0.002332064738141965,0.03828610436766654,Bacteria,Proteobacteria,Gammaproteobacteria,Enterobacteriales,NA,NA,"Depleted in ""Inject""",Otu00038,4,Feces,Order
167.84403045229743,1.1058203387487988,0.3755778698980655,3.1113282131571562,0.0018624780425257764,0.03828610436766654,Archaea,Euryarchaeota,Methanobacteria,Methanobacteriales,NA,NA,"Enriched in ""Inject""",Otu00030,4,Feces,Order
73.51461278442781,1.1694046171804455,0.405289859319466,3.022065253435165,0.002510564220830593,0.03828610436766654,Bacteria,Actinobacteria,Coriobacteriia,Coriobacteriales,NA,NA,"Enriched in ""Inject""",Otu00085,4,Feces,Order
73.51461278442781,1.6322328405249102,0.44189640319071605,3.820356890522013,1.3325870856343433e-4,0.0020321953055923735,Bacteria,Actinobacteria,Coriobacteriia,Coriobacteriales,NA,NA,"Enriched in ""Feed""",Otu00085,4,Feces,Order
167.84403045229743,2.105269604362284,0.4047579253843968,5.263680759437455,1.411995466018763e-7,4.306586171357227e-6,Archaea,Euryarchaeota,Methanobacteria,Methanobacteriales,NA,NA,"Enriched in ""Feed""",Otu00030,4,Feces,Order
24.458956114561474,-5.405174591074231,0.8951433586670147,-5.696017897795418,1.2263800896257626e-8,2.6367171926953893e-7,Bacteria,Proteobacteria,Deltaproteobacteria,Deltaproteobacteria_unclassified,NA,NA,"Depleted in ""Feed""",Otu00249,7,Feces,Order
66.67860301176691,-4.107010609792075,0.6790492970477551,-5.96214818983217,2.4894321931475903e-9,1.0704558430534638e-7,Bacteria,Proteobacteria,Proteobacteria_unclassified,Proteobacteria_unclassified,NA,NA,"Depleted in ""Feed""",Otu00068,7,Feces,Order
90.91491395933645,-3.2960730562180953,0.6496355420842802,-4.979905754716799,6.361524480344274e-7,9.11818508849346e-6,Bacteria,Proteobacteria,Epsilonproteobacteria,Campylobacterales,NA,NA,"Depleted in ""Feed""",Otu00029,7,Feces,Order
22.928736305800037,-2.5505646980713177,0.7205225551842257,-3.345836977524445,8.20346112650414e-4,0.00881872071099195,Bacteria,Fibrobacteres,Fibrobacteria,Fibrobacterales,NA,NA,"Depleted in ""Feed""",Otu00161,7,Feces,Order
17.638667976189648,-1.5655184115508185,0.4711544634898083,-3.2945461498043223,9.858075570266984e-4,0.021194862476074015,Bacteria,Firmicutes,Erysipelotrichia,Erysipelotrichales,NA,NA,"Depleted in ""Inject""",Otu00206,7,Feces,Order
39.02612570678205,1.6030722482435602,0.5080572498338873,3.245887353886208,0.001170851585927997,0.010069323638980774,Archaea,Euryarchaeota,Thermoplasmata,Thermoplasmatales,NA,NA,"Enriched in ""Feed""",Otu00077,7,Feces,Order
10.844478686693746,1.949176256858663,0.7924300645155792,2.7920281575962846,0.005237879786603835,0.03753813847066082,Bacteria,Proteobacteria,Gammaproteobacteria,Pasteurellales,NA,NA,"Enriched in ""Feed""",Otu00080,7,Feces,Order
18.0582036561236,2.180797545072346,0.5856276624517929,3.887309483502691,1.0136148674934997e-4,0.004358543930222049,Bacteria,Synergistetes,Synergistia,Synergistales,NA,NA,"Enriched in ""Inject""",Otu00013,7,Feces,Order
157.7585664223384,-1.1605181640903968,0.33572502397042303,-3.480729076664831,5.00051012927061e-4,0.009250943739150627,Bacteria,Bacteroidetes,Bacteroidetes_unclassified,Bacteroidetes_unclassified,NA,NA,"Depleted in ""Inject""",Otu00025,14,Feces,Order
75.18347788713017,1.2882756563426871,0.40482560542797047,3.2052982221056108,0.0013492260868959063,0.024960682607574267,Bacteria,Actinobacteria,Coriobacteriia,Coriobacteriales,NA,NA,"Enriched in ""Feed""",Otu00085,14,Feces,Order
823.378251823046,1.3057115756627071,0.37471202076955107,3.6278483069354563,2.8579308346286987e-4,0.009250943739150627,Bacteria,Firmicutes,Bacilli,Lactobacillales,NA,NA,"Enriched in ""Inject""",Otu00023,14,Feces,Order
823.378251823046,1.4679010795326992,0.3918817972826429,3.8777957750501697,1.0540714106774528e-4,0.0039000642195065756,Bacteria,Firmicutes,Bacilli,Lactobacillales,NA,NA,"Enriched in ""Feed""",Otu00023,14,Feces,Order
46.385217383011906,-4.425323541651528,0.5948642984915464,-7.190466038108697,6.457053772312749e-13,2.7765331220944822e-11,Bacteria,Fibrobacteres,Fibrobacteria,NA,NA,NA,"Depleted in ""Feed""",Otu00161,4,Feces,Class
94.06135828156604,-2.513914409059128,0.4944309275378484,-5.21590818807914,1.8291876735268093e-7,7.86550699616528e-6,Bacteria,Proteobacteria,Proteobacteria_unclassified,NA,NA,NA,"Depleted in ""Inject""",Otu00068,4,Feces,Class
94.06135828156604,-2.4428228654684925,0.5083373891010752,-4.978209297118732,6.41752396785945e-7,9.198451020598545e-6,Bacteria,Proteobacteria,Proteobacteria_unclassified,NA,NA,NA,"Depleted in ""Feed""",Otu00068,4,Feces,Class
85.1927128275142,-2.056551848870689,0.5247967368073094,-3.758831058263583,1.7070905222423116e-4,0.0014680978491283879,Bacteria,Proteobacteria,Gammaproteobacteria,NA,NA,NA,"Depleted in ""Feed""",Otu00038,4,Feces,Class
74.86617196113889,1.0191891854094361,0.30709833511602547,3.30367257334735,9.542721536687749e-4,0.02051685130387866,Bacteria,Proteobacteria,Deltaproteobacteria,NA,NA,NA,"Enriched in ""Inject""",Otu00071,4,Feces,Class
170.27444815194076,1.1706498670775445,0.39815309851211994,3.1044839679205056,0.0019061125756570977,0.024477428449590957,Archaea,Euryarchaeota,Methanobacteria,NA,NA,NA,"Enriched in ""Inject""",Otu00030,4,Feces,Class
74.53928138034804,1.2723997527292972,0.4358282799922949,3.0515053260501204,0.0022769700883340425,0.024477428449590957,Bacteria,Actinobacteria,Coriobacteriia,NA,NA,NA,"Enriched in ""Inject""",Otu00085,4,Feces,Class
74.53928138034804,1.6883370893290532,0.44750572986463905,3.8452174794887157,1.2044556587638648e-4,0.0012947898331711546,Bacteria,Actinobacteria,Coriobacteriia,NA,NA,NA,"Enriched in ""Feed""",Otu00085,4,Feces,Class
170.27444815194076,2.1635121793320846,0.4086294861953909,5.325451589068184,1.0070253499296455e-7,2.1651045023487377e-6,Archaea,Euryarchaeota,Methanobacteria,NA,NA,NA,"Enriched in ""Feed""",Otu00030,4,Feces,Class
64.34589301987555,-3.742872812329972,0.6432275174913135,-5.734838106461741,9.760553188246177e-9,3.123377020238777e-7,Bacteria,Proteobacteria,Proteobacteria_unclassified,NA,NA,NA,"Depleted in ""Feed""",Otu00068,7,Feces,Class
91.23819448790731,-2.9913002895700984,0.6215625169859778,-4.711327687222398,2.4610813837377665e-6,3.9377302139804264e-5,Bacteria,Proteobacteria,Epsilonproteobacteria,NA,NA,NA,"Depleted in ""Feed""",Otu00029,7,Feces,Class
22.20226861979036,-2.3460086236853126,0.6767619590458681,-3.1979920722388853,0.0013838808478558087,0.01107104678284647,Bacteria,Fibrobacteres,Fibrobacteria,NA,NA,NA,"Depleted in ""Feed""",Otu00161,7,Feces,Class
17.711402383086117,-1.3589279187100032,0.41921789327817094,-3.205470315833964,0.001348419542420226,0.021574712678723615,Bacteria,Firmicutes,Erysipelotrichia,NA,NA,NA,"Depleted in ""Inject""",Otu00206,7,Feces,Class
39.23234399393294,1.6578497709356568,0.4820465278268072,3.611452267752886,3.044871311545932e-4,0.0032478627323156606,Archaea,Euryarchaeota,Thermoplasmata,NA,NA,NA,"Enriched in ""Feed""",Otu00077,7,Feces,Class
18.16708116531998,1.68577285489698,0.4671537744869479,3.945135670270938,7.975480959693154e-5,0.002552153907101809,Bacteria,Synergistetes,Synergistia,NA,NA,NA,"Enriched in ""Inject""",Otu00013,7,Feces,Class
157.63357326730534,-1.1198752064672701,0.34055720306802884,-3.319000010550196,9.034042599813626e-4,0.012647659639739076,Bacteria,Bacteroidetes,Bacteroidetes_unclassified,NA,NA,NA,"Depleted in ""Inject""",Otu00025,14,Feces,Class
819.6919806420404,1.1830592362779564,0.3676067303308046,3.4290608600771684,6.056736958903511e-4,0.012647659639739076,Bacteria,Firmicutes,Bacilli,NA,NA,NA,"Enriched in ""Inject""",Otu00023,14,Feces,Class
75.71107989981327,1.2241572504787857,0.4003112225651585,3.0886067508199244,0.002010974318545682,0.02815364045963955,Bacteria,Actinobacteria,Coriobacteriia,NA,NA,NA,"Enriched in ""Feed""",Otu00085,14,Feces,Class
819.6919806420404,1.396430390090737,0.3826049011482174,3.8163883554868967,1.3541930672824825e-4,0.003791740588390951,Bacteria,Firmicutes,Bacilli,NA,NA,NA,"Enriched in ""Feed""",Otu00023,14,Feces,Class
47.0535323440788,-4.813306492251648,0.646590366668074,-6.917893986557377,4.584071175736509e-12,9.168142351473017e-11,Bacteria,Fibrobacteres,NA,NA,NA,NA,"Depleted in ""Feed""",Otu00161,4,Feces,Phylum
284.51142480418656,-1.3106024613781355,0.28357628380419464,-4.593189311254944,4.365227246600205e-6,2.9101514977334703e-5,Bacteria,Proteobacteria,NA,NA,NA,NA,"Depleted in ""Feed""",Otu00029,4,Feces,Phylum
83.0193219799128,1.2916040333420773,0.4082135205029722,3.385419085523267,7.10696587873764e-4,0.00355348293936882,Bacteria,Actinobacteria,NA,NA,NA,NA,"Enriched in ""Feed""",Otu00085,4,Feces,Phylum
279.2945506477396,1.6325231206251036,0.28407681885151015,5.762843114467979,8.270867086682858e-9,8.270867086682858e-8,Archaea,Euryarchaeota,NA,NA,NA,NA,"Enriched in ""Feed""",Otu00030,4,Feces,Phylum
21.331786969762465,-1.9281337727925028,0.562196151601803,-3.103348457601168,0.001913442012125174,0.018177699115189152,Bacteria,Fibrobacteres,NA,NA,NA,NA,"Depleted in ""Feed""",Otu00161,7,Feces,Phylum
313.8276220311902,-1.2487940757584508,0.2926201733723633,-4.240241611152101,2.2327932358698803e-5,4.242307148152773e-4,Bacteria,Proteobacteria,NA,NA,NA,NA,"Depleted in ""Feed""",Otu00029,7,Feces,Phylum
10.621871054718525,0.030161388717028007,0.5905289452912363,2.6634266769970116,0.007734926692506621,0.04898786905254193,Bacteria,Synergistetes,NA,NA,NA,NA,"Enriched in ""Feed""",Otu00013,7,Feces,Phylum
11512.673614113757,1.1834685172406472,0.3889517238573741,2.9220282726073066,0.0034775997108646077,0.04868639595210451,Bacteria,Firmicutes,NA,NA,NA,NA,"Enriched in ""Feed""",Otu00002,14,Feces,Phylum
13.410963645026154,-6.554956442883429,1.4572124882569388,-4.360744374298078,1.2962072648026106e-5,6.32549145223674e-4,Bacteria,Bacteria_unclassified,Bacteria_unclassified,Bacteria_unclassified,Bacteria_unclassified,NA,"Depleted in ""Feed""",Otu00108,4,Colon,OTU
64.39623444184532,-6.404999576553219,1.43477629594982,-4.373276083508347,1.223957768607845e-5,6.32549145223674e-4,Bacteria,Spirochaetae,Spirochaetes,Spirochaetales,Spirochaetaceae,Treponema_2,"Depleted in ""Feed""",Otu00133,4,Colon,OTU
147.75009399106057,-6.231109786610071,1.2089191381506021,-5.112756732343806,3.1749105454968053e-7,3.873390865506102e-5,Bacteria,Firmicutes,Bacilli,Lactobacillales,Lactobacillaceae,Lactobacillus,"Depleted in ""Feed""",Otu00151,4,Colon,OTU
118.09036174038557,-5.809567975270378,1.1551244465083508,-4.897816454395873,9.690748928329857e-7,7.88180912837495e-5,Bacteria,Proteobacteria,Gammaproteobacteria,Enterobacteriales,Enterobacteriaceae,Escherichia-Shigella,"Depleted in ""Feed""",Otu00038,4,Colon,OTU
154.7718598942381,-5.425268776018601,1.207938981572386,-4.5275764208258,5.9664026810028545e-6,2.5506371461287206e-4,Bacteria,Firmicutes,Clostridia,Clostridiales,Clostridiaceae_1,NA,"Depleted in ""Inject""",Otu00143,4,Colon,OTU
60.67913407947103,-5.3501735584298915,1.5629959467713206,-3.5709926611934093,3.556308606613903e-4,0.008677393000137923,Bacteria,Proteobacteria,Proteobacteria_unclassified,Proteobacteria_unclassified,Proteobacteria_unclassified,NA,"Depleted in ""Feed""",Otu00068,4,Colon,OTU
118.19697766046886,-5.180993518654755,1.2592280817560555,-4.0816723973077025,4.471279289099817e-5,0.0016051249296763414,Bacteria,Firmicutes,Bacilli,Lactobacillales,Lactobacillaceae,Lactobacillus,"Depleted in ""Feed""",Otu00076,4,Colon,OTU
13.99374161072396,-5.029937582843559,1.6105618186870156,-3.243202516654183,0.0011819416654748423,0.018024610398491344,Bacteria,Firmicutes,Bacilli,Lactobacillales,Lactobacillaceae,Lactobacillus,"Depleted in ""Feed""",Otu00694,4,Colon,OTU
17.044248719215222,-4.9893694528360415,1.4383653490423447,-3.6473489574306637,2.649599713394207e-4,0.009061631019808189,Bacteria,Firmicutes,Clostridia,Clostridiales,Lachnospiraceae,NA,"Depleted in ""Inject""",Otu00519,4,Colon,OTU
30.43717303823074,-4.754789439324677,1.415626332780156,-3.3979444993982373,6.789419247356363e-4,0.012857951544078912,Bacteria,Firmicutes,Clostridia,Clostridiales,Clostridiaceae_1,NA,"Depleted in ""Feed""",Otu00190,4,Colon,OTU
5.8364751820402665,-4.695026026150402,1.5262324918376133,-3.042127007318579,0.00234912752928091,0.026053959870206457,Bacteria,Proteobacteria,Deltaproteobacteria,Deltaproteobacteria_unclassified,Deltaproteobacteria_unclassified,NA,"Depleted in ""Feed""",Otu00249,4,Colon,OTU
154.7718598942381,-4.620672896978588,1.2474409819919388,-3.8358698030693614,1.2512068225635533e-4,0.0038161808088188376,Bacteria,Firmicutes,Clostridia,Clostridiales,Clostridiaceae_1,NA,"Depleted in ""Feed""",Otu00143,4,Colon,OTU
22.166552144288232,-4.595116465620021,1.3505373541458974,-3.4222757923667557,6.209928975298151e-4,0.012857951544078912,Bacteria,Firmicutes,Clostridia,Clostridiales,Peptostreptococcaceae,NA,"Depleted in ""Feed""",Otu00233,4,Colon,OTU
66.68386670552108,-4.580753790662757,1.427718420467253,-3.468656444069162,5.230678824615948e-4,0.013755053575611511,Bacteria,Bacteroidetes,Bacteroidetes_unclassified,Bacteroidetes_unclassified,Bacteroidetes_unclassified,NA,"Depleted in ""Inject""",Otu00049,4,Colon,OTU
24.73795872676585,-4.405616544071284,1.3738630220804657,-2.9691681978716766,0.0029860710026262697,0.0316783184626439,Bacteria,Proteobacteria,Gammaproteobacteria,Gammaproteobacteria_unclassified,Gammaproteobacteria_unclassified,NA,"Depleted in ""Feed""",Otu00104,4,Colon,OTU
29.519855467346588,-4.304047430823624,1.3080108016052179,-3.212577923587127,0.0013154945729003237,0.018881216222804646,Bacteria,Firmicutes,Erysipelotrichia,Erysipelotrichales,Erysipelotrichaceae,Turicibacter,"Depleted in ""Feed""",Otu00206,4,Colon,OTU
17.044248719215222,-4.223225148582301,1.5359495357999227,-2.9163678130144857,0.0035413274829796124,0.03600349607695939,Bacteria,Firmicutes,Clostridia,Clostridiales,Lachnospiraceae,NA,"Depleted in ""Feed""",Otu00519,4,Colon,OTU
219.36722605215482,-4.22121320922163,1.1838745560509945,-3.6367992372678883,2.7604691612428245e-4,0.007483938614924991,Bacteria,Firmicutes,Bacilli,Lactobacillales,Lactobacillaceae,Lactobacillus,"Depleted in ""Feed""",Otu00148,4,Colon,OTU
122.46221441935916,-4.12739472372735,1.3289908986535763,-3.1250745208910646,0.0017776002079386403,0.020774314202287213,Bacteria,Proteobacteria,Gammaproteobacteria,Pasteurellales,Pasteurellaceae,Actinobacillus,"Depleted in ""Feed""",Otu00080,4,Colon,OTU
45.390061968084964,-3.918492057261785,1.6484359776975461,-3.123365888252125,0.0017879532715083257,0.020774314202287213,Bacteria,Bacteroidetes,Bacteroidia,Bacteroidales,Bacteroidales_unclassified,NA,"Depleted in ""Feed""",Otu00218,4,Colon,OTU
1072.1723873489852,-3.912076680006101,1.197805154088393,-3.3522843887286213,8.014764293106199e-4,0.013968589196556518,Bacteria,Firmicutes,Bacilli,Lactobacillales,Lactobacillaceae,Lactobacillus,"Depleted in ""Feed""",Otu00023,4,Colon,OTU
1072.1723873489852,-3.8890229097614926,1.160654213886178,-3.412579610443898,6.435112783911818e-4,0.013755053575611511,Bacteria,Firmicutes,Bacilli,Lactobacillales,Lactobacillaceae,Lactobacillus,"Depleted in ""Inject""",Otu00023,4,Colon,OTU
14.716009959415116,-3.8417487917577517,1.6594605270586413,-2.7948038540459157,0.005193121289413032,0.048735445946799225,Bacteria,Proteobacteria,Betaproteobacteria,Burkholderiales,Alcaligenaceae,Achromobacter,"Depleted in ""Feed""",Otu00849,4,Colon,OTU
219.36722605215482,-3.8382743987026107,1.1483478497497297,-3.4186634695207023,6.292950474577038e-4,0.013755053575611511,Bacteria,Firmicutes,Bacilli,Lactobacillales,Lactobacillaceae,Lactobacillus,"Depleted in ""Inject""",Otu00148,4,Colon,OTU
147.75009399106057,-3.5670340900258615,1.1629677211852696,-3.2351500086574694,0.0012157883733111587,0.023099979092912015,Bacteria,Firmicutes,Bacilli,Lactobacillales,Lactobacillaceae,Lactobacillus,"Depleted in ""Inject""",Otu00151,4,Colon,OTU
28.44875458738706,-2.966430948015932,1.0435639068475575,-2.8251345797902454,0.004726076118209864,0.04612650291372827,Bacteria,Firmicutes,Negativicutes,Selenomonadales,Veillonellaceae,Veillonella,"Depleted in ""Feed""",Otu00147,4,Colon,OTU
122.18727799061408,-2.859740479184473,0.8447612395161637,-3.3954915855292174,6.850547953812534e-4,0.012857951544078912,Bacteria,Firmicutes,Bacilli,Lactobacillales,Lactobacillaceae,Lactobacillus,"Depleted in ""Feed""",Otu00045,4,Colon,OTU
12.602724266493636,-2.078983864958095,1.6763471821191651,3.24954471620184,0.0011558990377149496,0.018024610398491344,Bacteria,Bacteria_unclassified,Bacteria_unclassified,Bacteria_unclassified,Bacteria_unclassified,NA,"Depleted in ""Feed""",Otu00247,4,Colon,OTU
66.29944088689797,1.8141288988431101,1.4717895201573536,7.301949280320592,2.836281948197786e-13,4.8500421314182136e-11,Bacteria,Spirochaetae,Spirochaetes,Spirochaetales,Spirochaetaceae,Treponema_2,"Enriched in ""Inject""",Otu00141,4,Colon,OTU
66.29944088689797,1.8625512699535227,1.610747047499798,7.286975938376208,3.169894922928566e-13,7.7345436119457e-11,Bacteria,Spirochaetae,Spirochaetes,Spirochaetales,Spirochaetaceae,Treponema_2,"Enriched in ""Feed""",Otu00141,4,Colon,OTU
463.7033797186969,2.9760073742316324,1.1639485481223768,2.9767902155976618,0.002912832494728132,0.04980943565985106,Bacteria,Bacteroidetes,Bacteroidia,Bacteroidales,Prevotellaceae,NA,"Enriched in ""Inject""",Otu00022,4,Colon,OTU
12.602724266493636,3.211070998207785,1.482956748966497,5.642205122718316,1.6788591264307586e-8,1.0056689305161905e-6,Bacteria,Bacteria_unclassified,Bacteria_unclassified,Bacteria_unclassified,Bacteria_unclassified,NA,"Enriched in ""Inject""",Otu00247,4,Colon,OTU
36.285123777931844,3.2581792025233796,1.024128616319297,3.1947233255449325,0.0013996494916371015,0.01897302644219182,Bacteria,Firmicutes,Clostridia,Clostridiales,Ruminococcaceae,NA,"Enriched in ""Feed""",Otu00027,4,Colon,OTU
479.41673730008654,3.498915609391087,1.1605979749443969,3.1364372528300537,0.0017101402682428498,0.020774314202287213,Bacteria,Bacteroidetes,Bacteroidia,Bacteroidales,Prevotellaceae,Prevotellaceae_UCG-003,"Enriched in ""Feed""",Otu00020,4,Colon,OTU
16.917927556693513,3.8020163799721733,1.4801419325343785,5.633651730622785,1.764331457045948e-8,1.0056689305161905e-6,Bacteria,Spirochaetae,Spirochaetes,Spirochaetales,Spirochaetaceae,Treponema_2,"Enriched in ""Inject""",Otu00450,4,Colon,OTU
463.7033797186969,4.569627482522422,1.2012203661798233,4.074826497333714,4.604866601530488e-5,0.0016051249296763414,Bacteria,Bacteroidetes,Bacteroidia,Bacteroidales,Prevotellaceae,NA,"Enriched in ""Feed""",Otu00022,4,Colon,OTU
90.8238164048171,-5.628828320653854,1.2302138012802655,-4.142064435168188,3.441936066441009e-5,8.069427889100588e-4,Bacteria,Chlamydiae,Chlamydiae,Chlamydiales,Chlamydiaceae,Chlamydia,"Depleted in ""Feed""",Otu00234,7,Colon,OTU
40.17754965720803,-4.873569023919631,1.2749984977515019,-3.932538876893164,8.405338059622166e-5,0.0016122966641638882,Bacteria,Proteobacteria,Proteobacteria_unclassified,Proteobacteria_unclassified,Proteobacteria_unclassified,NA,"Depleted in ""Feed""",Otu00068,7,Colon,OTU
146.09849825169678,-4.583604330102485,1.0708387976877607,-4.0469593406911235,5.188724979822741e-5,0.0010948209707425985,Bacteria,Firmicutes,Negativicutes,Selenomonadales,Veillonellaceae,Mitsuokella,"Depleted in ""Feed""",Otu00017,7,Colon,OTU
9.058753868148141,-4.568841637193055,1.2558478287221855,-3.6052280706883315,3.1187890980214565e-4,0.005483870830687727,Bacteria,Bacteria_unclassified,Bacteria_unclassified,Bacteria_unclassified,Bacteria_unclassified,NA,"Depleted in ""Feed""",Otu00158,7,Colon,OTU
33.53839092447971,-4.187498766273064,1.2239752156167523,-2.897350539727533,0.0037632900463669943,0.0360933727174289,Bacteria,Proteobacteria,Gammaproteobacteria,Gammaproteobacteria_unclassified,Gammaproteobacteria_unclassified,NA,"Depleted in ""Feed""",Otu00204,7,Colon,OTU
11.956866819767635,-4.156135146214809,1.2635341143603265,-3.349185655368629,8.104946662947823e-4,0.012215312470585648,Bacteria,Bacteroidetes,Bacteroidia,Bacteroidales,Prevotellaceae,NA,"Depleted in ""Feed""",Otu00101,7,Colon,OTU
8.16502507775237,-4.009431837232324,1.249887925251566,-2.962475536116293,0.003051760592839281,0.030662927861385154,Bacteria,Fibrobacteres,Fibrobacteria,Fibrobacterales,Fibrobacteraceae,NA,"Depleted in ""Feed""",Otu00161,7,Colon,OTU
16.88124292869488,-3.6956545673403123,1.2613457230678067,-2.795333269594301,0.005184623736296064,0.047563287319933464,Bacteria,Spirochaetae,Spirochaetes,Spirochaetales,Spirochaetaceae,Treponema_2,"Depleted in ""Feed""",Otu00133,7,Colon,OTU
110.61154055424403,-3.5722560330374984,1.1510469010046522,-3.087062650105607,0.0020214498781211294,0.023695884682419906,Bacteria,Bacteroidetes,Bacteroidia,Bacteroidales,Prevotellaceae,Prevotella_7,"Depleted in ""Feed""",Otu00016,7,Colon,OTU
260.27235860049603,-3.4203756257211517,1.312842272368598,-3.3827405948325366,7.176638499293581e-4,0.011648236333468813,Bacteria,Proteobacteria,Epsilonproteobacteria,Campylobacterales,Helicobacteraceae,Helicobacter,"Depleted in ""Feed""",Otu00083,7,Colon,OTU
33.41796645851285,-1.115924102701289,1.1595305838962953,5.535167975303325,3.109302200188557e-8,1.3712022702831536e-5,Bacteria,Firmicutes,Clostridia,Clostridiales,Lachnospiraceae,NA,"Depleted in ""Inject""",Otu00392,7,Colon,OTU
10.181844989980515,-0.8624104507211097,1.1231337094192915,4.2239419590570675,2.4006589983434344e-5,0.0035289687275648486,Bacteria,Firmicutes,Clostridia,Clostridiales,Ruminococcaceae,Ruminococcaceae_UCG-010,"Depleted in ""Inject""",Otu00532,7,Colon,OTU
8.688875922047316,-0.6491348070569649,1.1525634584989937,5.1481765391037415,2.630308823656267e-7,5.799830956162069e-5,Bacteria,Firmicutes,Clostridia,Clostridiales,Lachnospiraceae,NA,"Depleted in ""Inject""",Otu00545,7,Colon,OTU
18.47173545624381,-0.530800507867997,1.1109256864623887,4.7948852039690015,1.627680127715246e-6,2.871227745289694e-4,Bacteria,Firmicutes,Clostridia,Clostridiales,Lachnospiraceae,NA,"Depleted in ""Inject""",Otu00488,7,Colon,OTU
7.885649741011448,-0.23035255095547813,1.1399975782920282,5.330488020564064,9.794919470427669e-8,2.8797063243057346e-5,Bacteria,Firmicutes,Clostridia,Clostridiales,Lachnospiraceae,NA,"Depleted in ""Inject""",Otu00405,7,Colon,OTU
36.39400525883245,1.0866719208271478,1.1537410330435571,8.714611107832933,2.917584473606565e-18,2.57330950572099e-15,Bacteria,Bacteria_unclassified,Bacteria_unclassified,Bacteria_unclassified,Bacteria_unclassified,NA,"Enriched in ""Inject""",Otu00319,7,Colon,OTU
18.47173545624381,2.3270874702412274,1.3247770847312306,6.109124375936009,1.0017923711589104e-9,3.522969838575501e-8,Bacteria,Firmicutes,Clostridia,Clostridiales,Lachnospiraceae,NA,"Enriched in ""Feed""",Otu00488,7,Colon,OTU
7.885649741011448,2.4166873056966143,1.3335156752516442,6.583697909238492,4.588890481645018e-11,2.4206397290677466e-9,Bacteria,Firmicutes,Clostridia,Clostridiales,Lachnospiraceae,NA,"Enriched in ""Feed""",Otu00405,7,Colon,OTU
36.39400525883245,2.4900575914876666,1.2860520141855905,9.39507142732088,5.7179013966235826e-21,1.206477194687576e-18,Bacteria,Bacteria_unclassified,Bacteria_unclassified,Bacteria_unclassified,Bacteria_unclassified,NA,"Enriched in ""Feed""",Otu00319,7,Colon,OTU
10.181844989980515,2.9501239122491825,1.3312949663776719,6.279415954028462,3.398472481183389e-10,1.4341553870593903e-8,Bacteria,Firmicutes,Clostridia,Clostridiales,Ruminococcaceae,Ruminococcaceae_UCG-010,"Enriched in ""Feed""",Otu00532,7,Colon,OTU
34.84653277252414,2.991223683685593,1.240936879725194,4.146814709731256,3.371326752889973e-5,8.069427889100588e-4,Bacteria,Spirochaetae,Spirochaetes,Spirochaetales,Spirochaetaceae,Treponema_2,"Enriched in ""Feed""",Otu00024,7,Colon,OTU
48.48283985701569,3.0252848879687804,1.328141076817849,3.0160708413521133,0.0025607342517191246,0.027015746355636767,Bacteria,Bacteroidetes,Bacteroidia,Bacteroidales,Prevotellaceae,NA,"Enriched in ""Feed""",Otu00217,7,Colon,OTU
19.96914964192915,3.128786822638361,1.1316270792433263,2.7733679878143347,0.005547934498200059,0.04877559079667552,Archaea,Euryarchaeota,Methanobacteria,Methanobacteriales,Methanobacteriaceae,Methanobrevibacter,"Enriched in ""Feed""",Otu00030,7,Colon,OTU
56.35195818535022,3.2355409708392435,0.9545821661296725,3.8432712066890895,1.2140517904512286e-4,0.01529705255968548,Bacteria,Bacteroidetes,Bacteroidia,Bacteroidales,Prevotellaceae,NA,"Enriched in ""Inject""",Otu00035,7,Colon,OTU
25.89770429110086,3.361870368211097,1.0881622411233574,3.2635934917811182,0.0011000888183877813,0.015474582711988124,Bacteria,Proteobacteria,Betaproteobacteria,Burkholderiales,Burkholderiales_unclassified,NA,"Enriched in ""Feed""",Otu00325,7,Colon,OTU
8.688875922047316,3.416796468955107,1.3270236506036692,7.384678146563603,1.5282261210838319e-13,1.0748523718289617e-11,Bacteria,Firmicutes,Clostridia,Clostridiales,Lachnospiraceae,NA,"Enriched in ""Feed""",Otu00545,7,Colon,OTU
23.656132295949543,3.482863448076804,1.0101986936838911,3.2008596907858378,0.0013701823522622874,0.01700638096043192,Bacteria,Firmicutes,Clostridia,Clostridiales,Lachnospiraceae,NA,"Enriched in ""Feed""",Otu00183,7,Colon,OTU
27.969262401678503,3.548527336870032,1.1066315191438982,3.0267856857878956,0.0024716913276091735,0.027015746355636767,Bacteria,Firmicutes,Clostridia,Clostridiales,Lachnospiraceae,NA,"Enriched in ""Feed""",Otu00092,7,Colon,OTU
103.6599645219361,3.607379666463162,1.1396381455575717,3.2339075398924884,0.0012210898037538032,0.01610312178700328,Bacteria,Bacteroidetes,Bacteroidetes_unclassified,Bacteroidetes_unclassified,Bacteroidetes_unclassified,NA,"Enriched in ""Feed""",Otu00025,7,Colon,OTU
56.35195818535022,3.68134394820294,0.9943564270240268,4.154004170020877,3.2670721613796865e-5,8.069427889100588e-4,Bacteria,Bacteroidetes,Bacteroidia,Bacteroidales,Prevotellaceae,NA,"Enriched in ""Feed""",Otu00035,7,Colon,OTU
33.41796645851285,4.534712130831796,1.3154220239700904,8.683106366042551,3.8510394589315135e-18,4.062846629172747e-16,Bacteria,Firmicutes,Clostridia,Clostridiales,Lachnospiraceae,NA,"Enriched in ""Feed""",Otu00392,7,Colon,OTU
24.27961220370337,-1.936072317682556,1.2423485319438754,-7.420893161520275,1.1633313182928723e-13,1.5332706775100056e-10,Bacteria,Cyanobacteria,Cyanobacteria_unclassified,Cyanobacteria_unclassified,Cyanobacteria_unclassified,NA,"Depleted in ""Feed""",Otu00591,14,Colon,OTU
124.08918187859388,-5.856539932606327,1.0766043577228772,-5.35977950256574,8.332358774152007e-8,4.7494445012666445e-6,Bacteria,Proteobacteria,Gammaproteobacteria,Enterobacteriales,Enterobacteriaceae,Escherichia-Shigella,"Depleted in ""Feed""",Otu00038,4,Colon,Genus
5.383381069870803,-5.324322769636074,1.7911020093216499,-2.632422964976552,0.008477824638786005,0.04832360044108023,Bacteria,Proteobacteria,Gammaproteobacteria,Pseudomonadales,Pseudomonadaceae,Pseudomonas,"Depleted in ""Feed""",Otu00089,4,Colon,Genus
28.1956405732943,-5.057550148695067,1.443621110985494,-3.348117961492735,8.136237211970657e-4,0.015458850702744248,Bacteria,Verrucomicrobia,Spartobacteria,Chthoniobacterales,DA101_soil_group,DA101_soil_group_ge,"Depleted in ""Feed""",Otu00171,4,Colon,Genus
128.9163685369661,-4.196730117613927,1.3016631681677366,-3.256171793861603,0.001129254025426155,0.016091869862322708,Bacteria,Proteobacteria,Gammaproteobacteria,Pasteurellales,Pasteurellaceae,Actinobacillus,"Depleted in ""Feed""",Otu00080,4,Colon,Genus
2029.034836854319,-4.11600359692736,0.820567385145005,-5.070393886947381,3.9699321348206913e-7,1.131430658423897e-5,Bacteria,Firmicutes,Bacilli,Lactobacillales,Lactobacillaceae,Lactobacillus,"Depleted in ""Feed""",Otu00023,4,Colon,Genus
2029.034836854319,-4.088659372074224,0.8141293829393857,-5.064468263776962,4.0954185378560913e-7,4.8325938746701876e-5,Bacteria,Firmicutes,Bacilli,Lactobacillales,Lactobacillaceae,Lactobacillus,"Depleted in ""Inject""",Otu00023,4,Colon,Genus
31.606312435050786,-3.808610790941764,1.3157307371291775,-2.865347127021591,0.004165523443492754,0.03391926232558385,Bacteria,Firmicutes,Erysipelotrichia,Erysipelotrichales,Erysipelotrichaceae,Turicibacter,"Depleted in ""Feed""",Otu00206,4,Colon,Genus
30.133760126739148,-2.8428778782592268,0.9108286321954723,-3.122925871822739,0.0017906284087643861,0.020413163859914003,Bacteria,Firmicutes,Negativicutes,Selenomonadales,Veillonellaceae,Veillonella,"Depleted in ""Feed""",Otu00147,4,Colon,Genus
1078.1635954832714,1.1441521752467947,0.37999071872877105,3.0083805215951256,0.0026264405251188146,0.02495118498862874,Bacteria,Firmicutes,Negativicutes,Selenomonadales,Acidaminococcaceae,Phascolarctobacterium,"Enriched in ""Feed""",Otu00002,4,Colon,Genus
713.296114883485,3.2993725344126634,1.2549868942747693,2.6535995189141146,0.007963828284423024,0.04832360044108023,Bacteria,Bacteroidetes,Bacteroidia,Bacteroidales,Prevotellaceae,Prevotella_7,"Enriched in ""Feed""",Otu00016,4,Colon,Genus
7.858903551060838,3.422411088627275,1.1936303174516476,2.7906986091837545,0.005259442142304705,0.037473525263921025,Bacteria,Actinobacteria,Coriobacteriia,Coriobacteriales,Coriobacteriaceae,Collinsella,"Enriched in ""Feed""",Otu00085,4,Colon,Genus
98.90317703874341,-5.363853874113284,1.0661815894210334,-4.723118292093604,2.322556641610054e-6,2.7173912706837634e-4,Bacteria,Chlamydiae,Chlamydiae,Chlamydiales,Chlamydiaceae,Chlamydia,"Depleted in ""Feed""",Otu00234,7,Colon,Genus
21.811605687905285,3.7967834463985093,0.9173598115523381,4.0874208980356315,4.361953302037843e-5,0.002551742681692138,Archaea,Euryarchaeota,Methanobacteria,Methanobacteriales,Methanobacteriaceae,Methanobrevibacter,"Enriched in ""Feed""",Otu00030,7,Colon,Genus
6.5927340527863585,3.729424898321465,1.0917190353515007,3.724679664900198,1.9556339241373247e-4,0.03265908653309332,Bacteria,Actinobacteria,Actinobacteria,Actinobacteria_unclassified,Actinobacteria_unclassified,NA,"Enriched in ""Feed""",Otu00791,14,Colon,Genus
96.21784553656641,-5.420703992355255,0.9865621559997889,-5.3839197073246226,7.288102423367153e-8,5.830481938693722e-6,Bacteria,Proteobacteria,Gammaproteobacteria,Enterobacteriales,Enterobacteriaceae,NA,"Depleted in ""Feed""",Otu00038,4,Colon,Family
22.87574328359258,-4.9503924569834705,1.326388176492182,-3.504183517729109,4.580096094992452e-4,0.012013741832878152,Bacteria,Verrucomicrobia,Spartobacteria,Chthoniobacterales,DA101_soil_group,NA,"Depleted in ""Feed""",Otu00171,4,Colon,Family
42.948449881909575,-4.61634732039959,1.3041786191174343,-3.3842332471106973,7.137733891065212e-4,0.012013741832878152,Bacteria,Proteobacteria,Gammaproteobacteria,Gammaproteobacteria_unclassified,Gammaproteobacteria_unclassified,NA,"Depleted in ""Feed""",Otu00104,4,Colon,Family
4.2949648689729845,-4.544752908849975,1.4229481517448255,-3.0672445023098653,0.002160420633752822,0.02469052152860368,Bacteria,Proteobacteria,Deltaproteobacteria,Deltaproteobacteria_unclassified,Deltaproteobacteria_unclassified,NA,"Depleted in ""Feed""",Otu00249,4,Colon,Family
134.85092846485827,-3.884110242386946,1.203570323219593,-3.2746233392255646,0.0010580294095079304,0.014107058793439074,Bacteria,Proteobacteria,Gammaproteobacteria,Pasteurellales,Pasteurellaceae,NA,"Depleted in ""Feed""",Otu00080,4,Colon,Family
215.7683648721534,-3.5607659931411497,0.9171043794652044,-3.895564126479174,9.797043642382537e-5,0.010188925388077839,Bacteria,Firmicutes,Clostridia,Clostridiales,Clostridiaceae_1,NA,"Depleted in ""Inject""",Otu00143,4,Colon,Family
75.33228295666,-3.5382888377557875,1.0227031309196013,-3.477821317192611,5.055067773091863e-4,0.012013741832878152,Bacteria,Proteobacteria,Proteobacteria_unclassified,Proteobacteria_unclassified,Proteobacteria_unclassified,NA,"Depleted in ""Feed""",Otu00068,4,Colon,Family
11.122252539921966,-3.4181335325683775,1.1899857089213635,-2.8460324743234273,0.004426768017715145,0.04426768017715145,Bacteria,Proteobacteria,Betaproteobacteria,Burkholderiales,Oxalobacteraceae,NA,"Depleted in ""Feed""",Otu00166,4,Colon,Family
215.7683648721534,-2.4630734134830443,0.9252159646608323,-2.7666040767508315,0.005664350106636261,0.04531480085309009,Bacteria,Firmicutes,Clostridia,Clostridiales,Clostridiaceae_1,NA,"Depleted in ""Feed""",Otu00143,4,Colon,Family
1120.708224578776,1.5105518900032342,0.5460451322206522,2.770470734877051,0.005597533009346484,0.04531480085309009,Bacteria,Firmicutes,Negativicutes,Selenomonadales,Acidaminococcaceae,NA,"Enriched in ""Feed""",Otu00002,4,Colon,Family
11259.465960939835,1.5692109497762072,0.46618623374033996,3.3703018460540495,7.508588645548845e-4,0.012013741832878152,Bacteria,Bacteroidetes,Bacteroidia,Bacteroidales,Prevotellaceae,NA,"Enriched in ""Feed""",Otu00001,4,Colon,Family
266.948994220703,1.7912174665900205,0.6652562920554916,2.713304942835383,0.006661577345556016,0.04844783524040739,Archaea,Euryarchaeota,Thermoplasmata,Thermoplasmatales,Thermoplasmatales_Incertae_Sedis,NA,"Enriched in ""Feed""",Otu00077,4,Colon,Family
90.64588377069853,-6.345095524040154,1.0659726758678654,-5.299643433234003,1.16029054174575e-7,1.11387892007592e-5,Bacteria,Chlamydiae,Chlamydiae,Chlamydiales,Chlamydiaceae,NA,"Depleted in ""Feed""",Otu00234,7,Colon,Family
6.590224382578706,-4.460581340221288,1.0419393551280103,-3.94657258598056,7.927789520319436e-5,0.0038053389697533294,Bacteria,Fibrobacteres,Fibrobacteria,Fibrobacterales,Fibrobacteraceae,NA,"Depleted in ""Feed""",Otu00161,7,Colon,Family
6.5927340527863585,3.729424898321465,1.0917190353515007,3.724679664900198,1.9556339241373247e-4,0.03265908653309332,Bacteria,Actinobacteria,Actinobacteria,Actinobacteria_unclassified,Actinobacteria_unclassified,NA,"Enriched in ""Feed""",Otu00791,14,Colon,Family
23.35755465166472,-4.679457766289835,1.2455642890990914,-3.493159675249978,4.7734099174318696e-4,0.0045824735207345944,Bacteria,Verrucomicrobia,Spartobacteria,Chthoniobacterales,NA,NA,"Depleted in ""Feed""",Otu00171,4,Colon,Order
80.9641291894474,-4.620746434512094,0.9825814319448505,-4.589563936773791,4.44172934256053e-6,1.0660150422145272e-4,Bacteria,Proteobacteria,Gammaproteobacteria,Enterobacteriales,NA,NA,"Depleted in ""Feed""",Otu00038,4,Colon,Order
4.3214201842852855,-4.442541756028512,1.473611527006387,-3.0789377346186573,0.0020774009478052593,0.016619207582442074,Bacteria,Proteobacteria,Gammaproteobacteria,Pseudomonadales,NA,NA,"Depleted in ""Feed""",Otu00089,4,Colon,Order
4.3214201842852855,-4.183201631044308,1.3920632454219908,-3.0640719462925285,0.0021834639290785177,0.03766475277660443,Bacteria,Proteobacteria,Gammaproteobacteria,Pseudomonadales,NA,NA,"Depleted in ""Inject""",Otu00089,4,Colon,Order
4.19799627118191,-3.9837926143458593,1.4536974521454606,-2.5829216902836443,0.009796755697580265,0.04702442734838527,Bacteria,Proteobacteria,Deltaproteobacteria,Deltaproteobacteria_unclassified,NA,NA,"Depleted in ""Feed""",Otu00249,4,Colon,Order
40.14806623368484,-3.5704115865966006,1.3187021036747004,-2.528455642621198,0.01145655621656763,0.04999224530865874,Bacteria,Proteobacteria,Gammaproteobacteria,Gammaproteobacteria_unclassified,NA,NA,"Depleted in ""Feed""",Otu00104,4,Colon,Order
110.48563143465087,-3.470351033679175,1.1950763994812013,-2.945469259152388,0.0032246518924933664,0.019724633412950866,Bacteria,Proteobacteria,Gammaproteobacteria,Pasteurellales,NA,NA,"Depleted in ""Feed""",Otu00080,4,Colon,Order
66.84277321870711,-2.9879519003204815,1.023434046194053,-2.939498473319005,0.0032874389021584774,0.019724633412950866,Bacteria,Proteobacteria,Proteobacteria_unclassified,Proteobacteria_unclassified,NA,NA,"Depleted in ""Feed""",Otu00068,4,Colon,Order
1140.7534328111117,-2.7191049497895534,0.781825801306706,-3.5252319436283748,4.2311214931028615e-4,0.0045824735207345944,Bacteria,Firmicutes,Bacilli,Lactobacillales,NA,NA,"Depleted in ""Feed""",Otu00023,4,Colon,Order
1140.7534328111117,-2.603962831919915,0.7743929138519966,-3.405732998254306,6.598667955084223e-4,0.021084948420337393,Bacteria,Firmicutes,Bacilli,Lactobacillales,NA,NA,"Depleted in ""Inject""",Otu00023,4,Colon,Order
14778.392869343916,1.492845687455062,0.45392967107832133,3.321538368019694,8.952267305526774e-4,0.021084948420337393,Bacteria,Bacteroidetes,Bacteroidia,Bacteroidales,NA,NA,"Enriched in ""Inject""",Otu00001,4,Colon,Order
309.2722517215276,2.0600315553443487,0.629562388593746,3.314906785147155,9.167368878407562e-4,0.021084948420337393,Archaea,Euryarchaeota,Thermoplasmata,Thermoplasmatales,NA,NA,"Enriched in ""Inject""",Otu00077,4,Colon,Order
14778.392869343916,2.273434035656167,0.45526593930327347,5.002066302032061,5.671907544859811e-7,2.7225156215327093e-5,Bacteria,Bacteroidetes,Bacteroidia,Bacteroidales,NA,NA,"Enriched in ""Feed""",Otu00001,4,Colon,Order
309.2722517215276,2.4554576070345884,0.6330908603699862,3.9076355424209557,9.320375672415463e-5,0.0014912601075864741,Archaea,Euryarchaeota,Thermoplasmata,Thermoplasmatales,NA,NA,"Enriched in ""Feed""",Otu00077,4,Colon,Order
31.325834217121084,3.0491567797613923,1.0870559653020155,2.85953471712942,0.004242629767809674,0.022627358761651593,Bacteria,Actinobacteria,Coriobacteriia,Coriobacteriales,NA,NA,"Enriched in ""Feed""",Otu00085,4,Colon,Order
86.56563285050485,-7.588346882370144,1.2854242646606435,-5.144150945006888,2.687334029431149e-7,1.8273871400131814e-5,Bacteria,Chlamydiae,Chlamydiae,Chlamydiales,NA,NA,"Depleted in ""Feed""",Otu00234,7,Colon,Order
6.6406454239892785,-5.016346500521716,1.2517505250120176,-3.6182328855702104,2.9662142877205004e-4,0.010085128578249702,Bacteria,Fibrobacteres,Fibrobacteria,Fibrobacterales,NA,NA,"Depleted in ""Feed""",Otu00161,7,Colon,Order
22.58996638587618,2.883675891019795,0.9104294135163837,3.2766394030076316,0.0010505043996396422,0.023811433058498557,Bacteria,Proteobacteria,Betaproteobacteria,Burkholderiales,NA,NA,"Enriched in ""Feed""",Otu00166,7,Colon,Order
6.032434861196984,3.5028113433868207,1.04496116322592,3.603084063680342,3.14463772150363e-4,0.03333315984793848,Bacteria,Actinobacteria,Actinobacteria,Actinobacteria_unclassified,NA,NA,"Enriched in ""Feed""",Otu00791,14,Colon,Order
231.16567706110703,-5.093571686909089,1.1623280446100244,-4.2038786692690575,2.623796201638435e-5,2.7549860117203565e-4,Bacteria,Actinobacteria,Actinobacteria,NA,NA,NA,"Depleted in ""Feed""",Otu00093,4,Colon,Class
18.761090724540814,-4.285395138630559,1.1313538784743142,-3.403472802005339,6.653503711213242e-4,0.005588943117419124,Bacteria,Verrucomicrobia,Spartobacteria,NA,NA,NA,"Depleted in ""Feed""",Otu00171,4,Colon,Class
228.1166635823588,-3.8742822453213246,0.7149341492207465,-5.333384346644642,9.6398969637468e-8,4.048756724773656e-6,Bacteria,Proteobacteria,Gammaproteobacteria,NA,NA,NA,"Depleted in ""Feed""",Otu00038,4,Colon,Class
68.549616059725,-2.8064776981870527,0.9506213859049721,-3.008361099961827,0.0026266083974944973,0.015759650384966982,Bacteria,Proteobacteria,Proteobacteria_unclassified,NA,NA,NA,"Depleted in ""Feed""",Otu00068,4,Colon,Class
928.3738311164733,-2.1765196616689466,0.6783220094903788,-3.2778156546172013,0.001046136915505316,0.007322958408537211,Bacteria,Firmicutes,Bacilli,NA,NA,NA,"Depleted in ""Feed""",Otu00023,4,Colon,Class
928.3738311164733,-1.8967860128317375,0.6419726768801629,-2.98987004371045,0.0027909616157830467,0.03907346262096265,Bacteria,Firmicutes,Bacilli,NA,NA,NA,"Depleted in ""Inject""",Otu00023,4,Colon,Class
15789.767752618489,1.6792330943760074,0.4601262699513572,3.6897894836240646,2.2443970244935646e-4,0.006229325487844188,Bacteria,Bacteroidetes,Bacteroidia,NA,NA,NA,"Enriched in ""Inject""",Otu00001,4,Colon,Class
25.443187330069527,1.8715470337862348,0.7019554560283459,2.6131583647191885,0.00897097229062006,0.04186453735622695,Archaea,Euryarchaeota,Methanobacteria,NA,NA,NA,"Enriched in ""Feed""",Otu00030,4,Colon,Class
340.5714296447475,2.089854643691719,0.5875665280368301,3.618221437447699,2.9663454704019943e-4,0.006229325487844188,Archaea,Euryarchaeota,Thermoplasmata,NA,NA,NA,"Enriched in ""Inject""",Otu00077,4,Colon,Class
15789.767752618489,2.341458182056212,0.4717065032956083,4.999629735332071,5.74405122893175e-7,1.2062507580756674e-5,Bacteria,Bacteroidetes,Bacteroidia,NA,NA,NA,"Enriched in ""Feed""",Otu00001,4,Colon,Class
340.5714296447475,2.645011082857887,0.6134552931392077,4.391316050655294,1.1266663068783421e-5,1.577332829629679e-4,Archaea,Euryarchaeota,Thermoplasmata,NA,NA,NA,"Enriched in ""Feed""",Otu00077,4,Colon,Class
32.503840027593014,2.6739616853444255,1.001646188897845,2.950812085583379,0.0031693967634318105,0.016639333008017006,Bacteria,Actinobacteria,Coriobacteriia,NA,NA,NA,"Enriched in ""Feed""",Otu00085,4,Colon,Class
76.46312560174493,-8.037003029041268,1.278192364711282,-5.249657036200551,1.5238264864071448e-7,6.857219188832151e-6,Bacteria,Chlamydiae,Chlamydiae,NA,NA,NA,"Depleted in ""Feed""",Otu00234,7,Colon,Class
5.59663073712236,-5.0878782717953195,1.2273150165022901,-3.7015264061628423,2.1430634802485263e-4,0.004821892830559184,Bacteria,Fibrobacteres,Fibrobacteria,NA,NA,NA,"Depleted in ""Feed""",Otu00161,7,Colon,Class
93.69671716582165,-1.5152221727204955,0.47352139707237767,-3.184605846127333,0.0014495129048863764,0.048558682313693605,Bacteria,Bacteroidetes,Bacteroidetes_unclassified,NA,NA,NA,"Depleted in ""Inject""",Otu00025,14,Colon,Class
246.98265092112322,2.0640767936745132,0.5923083019171593,3.5308826724860074,4.1417542146040886e-4,0.027749753237847393,Bacteria,Proteobacteria,Betaproteobacteria,NA,NA,NA,"Enriched in ""Inject""",Otu00166,14,Colon,Class
28.370622301886126,-3.5935484187175626,0.9846634669307407,-3.456792068295766,5.466464707952163e-4,0.005376238929358746,Bacteria,Verrucomicrobia,NA,NA,NA,NA,"Depleted in ""Feed""",Otu00171,4,Colon,Phylum
36.49264005484568,-3.287983166133355,1.074172215571663,-2.915470596545471,0.0035515257076487064,0.020370459865685316,Bacteria,Planctomycetes,NA,NA,NA,NA,"Depleted in ""Feed""",Otu00353,4,Colon,Phylum
13543.826444609851,1.3524531571563958,0.39153023112885993,3.4474429620721394,5.659198873009207e-4,0.005376238929358746,Bacteria,Bacteroidetes,NA,NA,NA,NA,"Enriched in ""Feed""",Otu00001,4,Colon,Phylum
314.9320013157466,1.5623223736791196,0.5544938469342547,2.8561209094381086,0.004288517866460066,0.020370459865685316,Archaea,Euryarchaeota,NA,NA,NA,NA,"Enriched in ""Feed""",Otu00030,4,Colon,Phylum
105.08233286461459,-8.41119882609837,1.3173933956198527,-5.306269347389751,1.1189158650519517e-7,2.125940143598708e-6,Bacteria,Chlamydiae,NA,NA,NA,NA,"Depleted in ""Feed""",Otu00234,7,Colon,Phylum
7.624268286597917,-5.498843249046954,1.3161881963202509,-3.694465221490825,2.2035004905383588e-4,0.002093325466011441,Bacteria,Fibrobacteres,NA,NA,NA,NA,"Depleted in ""Feed""",Otu00161,7,Colon,Phylum
73.41338840168218,-2.7795054426570296,0.7361157979772905,-3.7227765742784382,1.970438770946407e-4,0.004729053050271377,Bacteria,Cyanobacteria,NA,NA,NA,NA,"Depleted in ""Feed""",Otu00511,14,Colon,Phylum
